values_150,63178
values_888,136181
values_956,205197
values_691,1481
values_344,10881
values_283,31523
values_717,290750
values_74,25157
values_21,100184
values_724,197464
values_994,222484
values_920,15290
values_229,251134
values_985,191340
values_603,19693
values_764,157337
values_69,241254
values_327,41942
values_840,36195
values_891,214146
values_398,211560
values_527,25514
values_873,94004
values_564,124837
values_383,52208
values_420,204884
values_779,222143
values_73,23211
values_706,155416
values_213,28921
values_289,194742
values_293,27346
values_219,36713
values_927,524
values_111,6535
values_934,31765
values_907,69286
values_415,117495
values_984,25864
values_34,129266
values_800,5790
values_240,8717
values_903,11280
values_747,83241
values_92,95011
values_910,89385
values_216,27121
values_131,12217
values_622,74969
values_777,8042
values_698,221497
values_71,14895
values_274,157800
values_400,53669
values_549,259230
values_958,2160
values_743,26705
values_292,5586
values_557,250854
values_68,150914
values_534,67567
values_58,143868
values_645,43667
values_271,15777
values_892,15257
values_544,26902
values_459,100772
values_714,7071
values_418,201293
values_511,19533
values_941,10370
values_116,222486
values_476,149337
values_858,238814
values_345,89793
values_158,23351
values_277,222779
values_898,204059
values_123,214980
values_680,240320
values_946,945
values_761,6781
values_382,34717
values_848,15680
values_832,56196
values_646,296379
values_516,200196
values_354,99866
values_780,109026
values_552,122646
values_541,24525
values_140,1828
values_684,17965
values_668,217060
values_266,34937
values_192,102161
values_177,32828
values_384,77977
values_112,69683
values_928,88019
values_676,28555
values_596,135682
values_753,249564
values_126,109684
values_220,274867
values_792,93449
values_635,89154
values_434,26859
values_671,188848
values_708,207991
values_189,282728
values_827,122668
values_337,35950
values_248,22538
values_520,99487
values_153,282565
values_416,2623
values_469,191861
values_353,150086
values_91,2517
values_35,120055
values_831,142909
values_942,152887
values_407,224270
values_412,299621
values_225,53197
values_223,123375
values_981,308876
values_428,76978
values_555,5513
values_100,236473
values_674,3132
values_369,46513
values_612,20828
values_673,152418
values_619,151101
values_504,19921
values_386,160694
values_209,247918
values_980,116003
values_262,68652
values_454,229775
values_943,158589
values_957,2557
values_579,28668
values_597,27281
values_255,78588
values_610,85748
values_808,58069
values_694,46669
values_436,235471
values_460,7548
values_923,294968
values_306,905
values_365,5613
values_750,2023
values_490,41368
values_982,177599
values_766,45972
values_845,57348
values_821,85074
values_930,260972
values_465,14309
values_512,219605
values_8,171400
values_768,48054
values_700,46045
values_570,25636
values_247,111919
values_81,189552
values_251,30931
values_156,213177
values_829,169853
values_844,266599
values_307,37644
values_884,110865
values_269,36468
values_483,33539
values_901,83137
values_264,96519
values_214,5613
values_730,317010
values_342,11635
values_604,43249
values_814,15549
values_782,98320
values_391,137460
values_624,113830
values_203,183834
values_652,3335
values_305,162829
values_231,200761
values_565,151937
values_392,168223
values_864,73721
values_348,20173
values_286,131299
values_788,11724
values_655,24274
values_952,978
values_854,136142
values_134,131694
values_607,277527
values_87,145075
values_506,1180
values_190,8505
values_587,48097
values_517,107188
values_237,50731
values_816,136034
values_467,51049
values_906,14457
values_12,265242
values_976,225692
values_486,5207
values_183,25490
values_275,460
values_524,145091
values_201,48154
values_754,27654
values_606,137713
values_999,118955
values_359,7509
values_457,53747
values_551,345245
values_86,107869
values_387,22286
values_697,169608
values_739,28488
values_303,294951
values_372,191311
values_405,137316
values_267,280346
values_584,34514
values_114,26990
values_188,119783
values_15,280174
values_518,17465
values_647,235852
values_228,259541
values_55,20253
values_6,11547
values_911,266229
values_515,161047
values_409,173184
values_868,237275
values_478,26950
values_13,82810
values_894,306727
values_25,113115
values_243,214774
values_496,174403
values_463,161806
values_577,245770
values_322,80612
values_246,94466
values_151,106393
values_718,19773
values_200,214173
values_567,34563
values_548,52653
values_425,23839
values_746,270182
values_435,28371
values_657,6469
values_797,125741
values_500,22695
values_789,290904
values_563,101349
values_914,21787
values_765,3884
values_648,213419
values_31,92687
values_80,65523
values_41,115530
values_585,19087
values_925,213122
values_856,61501
values_36,261267
values_44,55387
values_514,238753
values_822,8264
values_970,9695
values_402,197701
values_440,188959
values_16,76481
values_361,19970
values_521,43338
values_466,3570
values_30,7874
values_725,18990
values_643,2087
values_594,34159
values_468,162942
values_279,232154
values_494,59083
values_389,249483
values_696,89640
values_437,219985
values_103,19757
values_159,17333
values_593,152183
values_784,183222
values_378,107169
values_376,287465
values_3,38535
values_576,6301
values_962,46961
values_936,26176
values_721,52588
values_450,154325
values_776,93581
values_29,307822
values_861,186577
values_364,84416
values_84,14529
values_664,282335
values_636,46820
values_77,68757
values_294,12381
values_233,170264
values_447,84081
values_995,23689
values_775,719
values_318,282543
values_843,695
values_54,19229
values_455,23552
values_682,72228
values_458,125723
values_547,85437
values_367,10184
values_193,245835
values_582,63000
values_155,159485
values_608,53106
values_909,11660
values_653,122325
values_716,97001
values_142,198038
values_617,310505
values_595,51333
values_98,39986
values_830,289758
values_423,175260
values_812,4988
values_932,119034
values_341,8757
values_896,96314
values_988,256201
values_152,4106
values_658,18242
values_869,6723
values_485,255915
values_993,104700
values_883,17253
values_222,91057
values_335,11602
values_979,270032
values_314,104033
values_291,64890
values_817,250661
values_656,117414
values_22,12941
values_288,183284
values_867,165991
values_17,6343
values_442,105700
values_236,227811
values_85,2508
values_221,272384
values_46,215357
values_944,241337
values_572,156177
values_509,96434
values_336,83095
values_284,70997
values_83,129108
values_663,172399
values_449,241883
values_235,122596
values_711,24946
values_629,198984
values_614,74742
values_429,221057
values_61,67840
values_5,152293
values_632,206322
values_586,27647
values_28,259208
values_310,896
values_184,9803
values_497,154550
values_969,7778
values_99,12518
values_621,15881
values_127,759
values_301,198320
values_859,14068
values_623,82658
values_916,262694
values_599,101763
values_913,2242
values_263,33568
values_312,225
values_97,11366
values_377,1853
values_433,45979
values_287,225064
values_186,36947
values_666,71218
values_406,70879
values_261,25561
values_654,41554
values_78,8288
values_580,27751
values_810,108443
values_23,264965
values_413,148995
values_75,21251
values_720,69932
values_804,12753
values_719,182948
values_862,86192
values_591,202747
values_815,29505
values_926,59593
values_756,255314
values_45,71501
values_82,8394
values_187,253434
values_385,251787
values_876,55182
values_569,229187
values_482,198672
values_422,63334
values_687,121971
values_210,34970
values_877,945
values_602,12788
values_11,282028
values_65,86502
values_93,3327
values_197,317400
values_881,171195
values_519,70114
values_298,241699
values_144,218122
values_491,106954
values_681,262589
values_773,266983
values_918,43587
values_803,16384
values_807,98407
values_975,176274
values_256,20439
values_732,116216
values_122,12217
values_33,42291
values_665,121841
values_119,274
values_588,40547
values_473,49046
values_105,161350
values_89,179517
values_20,7378
values_419,130659
values_731,28383
values_855,3037
values_161,88619
values_26,243653
values_581,57786
values_611,44140
values_598,202730
values_360,213602
values_609,63219
values_905,56771
values_590,269112
values_758,63047
values_759,68012
values_178,83887
values_374,208146
values_922,135191
values_340,66023
values_241,187877
values_276,206269
values_461,1286
values_395,314764
values_948,55368
values_670,90490
values_880,18428
values_166,177938
values_311,24363
values_535,170280
values_723,79084
values_217,13498
values_937,192439
values_672,156488
values_280,100847
values_737,270782
values_163,205615
values_553,56149
values_431,646
values_974,8279
values_954,6657
values_351,74944
values_639,258922
values_578,160283
values_165,255524
values_37,47317
values_472,238549
values_968,274
values_317,146539
values_545,67208
values_525,51156
values_18,19191
values_143,198591
values_368,72641
values_347,53297
values_592,26212
values_961,117857
values_685,177560
values_49,66926
values_851,293408
values_56,225
values_846,254103
values_272,189769
values_793,49401
values_445,85375
values_839,159478
values_273,102321
values_904,286094
values_326,158613
values_411,265322
values_333,105998
values_767,34686
values_52,13580
values_649,4696
values_168,48687
values_290,14675
values_931,18061
values_102,196735
values_813,220722
values_615,2581
values_523,285840
values_631,10865
values_4,87366
values_356,78546
values_678,155556
values_762,149991
values_540,257161
values_828,170443
values_566,53546
values_802,260028
values_849,44036
values_249,134342
values_503,188090
values_319,101244
values_265,102005
values_805,34605
values_371,10500
values_850,3716
values_966,1674
values_997,3628
values_101,272369
values_94,145017
values_430,287156
values_510,162895
values_70,219133
values_733,79991
values_661,3059
values_543,196750
values_924,143315
values_736,7484
values_783,246013
values_218,56717
values_285,783
values_107,212981
values_929,67142
values_823,16994
values_692,74995
values_375,47441
values_202,17755
values_328,215777
values_53,86389
values_110,31060
values_798,38000
values_179,280052
values_207,43252
values_537,106880
values_278,387
values_308,53313
values_104,90412
values_370,6099
values_239,28831
values_230,113480
values_729,177277
values_96,222838
values_76,91997
values_316,105364
values_492,67316
values_67,158108
values_489,9381
values_990,154629
values_424,11181
values_238,192111
values_481,292038
values_702,86608
values_257,7080
values_571,109304
values_662,15744
values_453,238412
values_149,135709
values_835,41366
values_281,36290
values_130,42819
values_745,25101
values_27,276578
values_953,35344
values_772,114107
values_313,5767
values_561,46319
values_355,2014
values_915,11764
values_296,2291
values_487,45298
values_145,29950
values_709,312638
values_397,23851
values_809,56267
values_757,104720
values_196,34475
values_951,2443
values_513,192180
values_689,224106
values_154,131128
values_824,314900
values_860,9885
values_444,287690
values_79,4608
values_744,256692
values_181,177251
values_575,153925
values_358,143621
values_536,26633
values_1,14673
values_215,5841
values_533,1609
values_836,267657
values_38,22749
values_206,26187
values_917,269669
values_148,18313
values_641,10208
values_630,118283
values_874,305558
values_701,18841
values_882,253765
values_738,10647
values_825,280101
values_616,225
values_501,305306
values_791,14788
values_819,12487
values_899,2516
values_300,4039
values_677,11863
values_987,87136
values_847,20098
values_959,25988
values_164,1496
values_232,274148
values_321,905
values_396,58524
values_39,140632
values_837,35530
values_955,103677
values_349,92534
values_939,524
values_60,3393
values_977,5506
values_366,40985
values_390,3457
values_628,262702
values_62,295111
values_749,127599
values_498,40968
values_991,41034
values_642,150501
values_174,176290
values_675,244212
values_857,22961
values_48,271592
values_324,110567
values_258,42875
values_886,142180
values_600,6066
values_693,312324
values_399,27842
values_443,243201
values_205,274
values_940,10346
values_889,62116
values_704,61085
values_507,188941
values_770,147152
values_173,82808
values_529,304243
values_530,5622
values_760,7768
values_394,274591
values_162,154076
values_618,238291
values_117,152487
values_949,211854
values_121,121516
values_309,110852
values_282,18855
values_938,7874
values_833,52400
values_842,152102
values_870,695
values_108,39700
values_601,115509
values_996,130162
values_875,7347
values_707,281889
values_352,210220
values_129,185699
values_659,5767
values_699,158668
values_727,20164
values_334,143755
values_379,2014
values_879,12673
values_781,96888
values_160,33655
values_538,128956
values_863,5101
values_254,6187
values_960,82374
values_852,181354
values_363,4900
values_637,208594
values_799,70129
values_452,300027
values_713,50586
values_887,33014
values_550,86848
values_973,181691
values_194,40820
values_234,59609
values_24,35868
values_136,40034
values_712,37061
values_778,169340
values_147,253637
values_695,297691
values_626,112883
values_605,77481
values_752,69585
values_771,177605
values_531,13578
values_295,18105
values_811,85650
values_410,15153
values_204,191196
values_14,72488
values_508,119236
values_388,102169
values_182,89495
values_357,122353
values_109,199682
values_19,105175
values_106,124575
values_965,201788
values_998,48428
values_650,31959
values_542,121316
values_88,125231
values_751,212176
values_0,134665
values_211,35366
values_726,2176
values_972,36129
values_329,16897
values_401,76047
values_302,154759
values_135,18938
values_323,68498
values_493,10418
values_651,171603
values_820,20697
values_224,257454
values_260,17893
values_180,57810
values_715,28410
values_43,180619
values_539,186384
values_439,136421
values_978,18551
values_679,42527
values_528,236432
values_304,6495
values_66,91515
values_688,87223
values_568,25213
values_157,265534
values_338,57188
values_722,261381
values_172,56498
values_350,168432
values_63,2897
values_710,39897
values_212,195845
values_138,13102
values_853,978
values_964,183292
values_208,295494
values_787,288743
values_865,178112
values_633,277390
values_393,187642
values_330,179145
values_526,26008
values_558,93181
values_560,53570
values_502,36104
values_505,187702
values_742,74208
values_475,34911
values_735,52111
values_167,2160
values_297,19401
values_479,80316
values_113,32917
values_175,8960
values_644,183486
values_427,242671
values_332,69236
values_620,322818
values_40,139004
values_703,46457
values_464,84019
values_146,12925
values_983,52784
values_226,33063
values_834,573
values_790,57902
values_244,52217
values_574,171742
values_705,53749
values_137,148646
values_171,270032
values_339,111186
values_989,296922
values_139,41227
values_470,44017
values_343,97718
values_785,290837
values_245,303035
values_227,61876
values_32,80031
values_933,211180
values_992,183939
values_908,42169
values_474,38642
values_72,27452
values_841,43140
values_740,111731
values_170,168754
values_912,12842
values_7,1634
values_660,10485
values_763,123635
values_488,85050
values_191,12518
values_986,31401
values_451,91417
values_589,2023
values_902,1472
values_176,109370
values_95,150574
values_331,114733
values_806,170108
values_404,191140
values_627,70257
values_438,199040
values_947,39364
values_559,196242
values_414,76454
values_690,7776
values_132,21777
values_945,21476
values_124,170005
values_897,67176
values_64,86501
values_638,1390
values_573,217605
values_42,24014
values_120,108922
values_250,141323
values_299,106457
values_128,72626
values_50,66121
values_786,34634
values_640,6423
values_471,185373
values_252,232520
values_9,223847
values_741,258854
values_686,163256
values_890,160443
values_667,242044
values_634,197462
values_403,164339
values_195,7784
values_199,39614
values_971,117667
values_919,288751
values_734,134037
values_921,186937
values_556,290970
values_448,29382
values_125,28897
values_546,13541
values_895,2306
values_268,6106
values_10,28029
values_769,48419
values_380,7290
values_554,37678
values_408,13020
values_522,16877
values_963,151514
values_90,2306
values_118,29989
values_59,262516
values_801,66715
values_325,125865
values_562,48014
values_871,10152
values_755,40378
values_826,26948
values_133,152093
values_381,70411
values_613,307051
values_484,188153
values_477,233046
values_426,87482
values_270,32747
values_315,20968
values_417,68978
values_795,16085
values_532,154899
values_480,41223
values_47,295251
values_462,1983
values_967,177120
values_198,204390
values_495,85851
values_432,110641
values_373,163495
values_774,243260
values_169,35521
values_683,86690
values_625,133383
values_818,12753
values_57,72275
values_885,17537
values_838,2184
values_872,138875
values_185,264625
values_796,12009
values_748,1140
values_421,107894
values_893,30548
values_242,117506
values_499,22756
values_51,88003
values_935,4048
values_362,1505
values_456,14060
values_794,15031
values_669,53782
values_441,153268
values_115,32220
values_583,164434
values_878,260772
values_866,1755
values_900,195924
values_446,28192
values_950,4203
values_259,291801
values_253,66569
values_728,37621
values_141,14886
values_320,209379
values_2,260376
values_346,82064
