values_150,10635
values_888,97
values_956,7970
values_691,2284
values_344,9658
values_283,15037
values_717,6839
values_74,15778
values_21,11853
values_724,145
values_994,14279
values_920,525
values_229,5523
values_985,289
values_603,8298
values_764,17544
values_69,7203
values_327,17698
values_840,1036
values_891,731
values_398,443
values_527,15554
values_873,21361
values_564,6756
values_383,15512
values_420,4541
values_779,7482
values_73,21129
values_706,16889
values_213,274
values_289,16369
values_293,424
values_219,17401
values_927,12795
values_111,3665
values_934,2159
values_907,4424
values_415,15280
values_984,10443
values_34,1676
values_800,6392
values_240,2541
values_903,12363
values_747,9235
values_92,689
values_910,210
values_216,2068
values_131,2974
values_622,11062
values_777,13123
values_698,10617
values_71,15809
values_274,21309
values_400,14925
values_549,545
values_958,241
values_743,7038
values_292,16536
values_557,1423
values_68,2630
values_534,221
values_58,17899
values_645,19450
values_271,18534
values_892,129
values_544,4580
values_459,10251
values_714,1743
values_418,11522
values_511,6609
values_941,845
values_116,10005
values_476,1233
values_858,121
values_345,21079
values_158,1052
values_277,574
values_898,15193
values_123,5310
values_680,19132
values_946,623
values_761,480
values_382,21758
values_848,14106
values_832,5443
values_646,8022
values_516,241
values_354,2284
values_780,5134
values_552,3840
values_541,673
values_140,18985
values_684,5319
values_668,188
values_266,3099
values_192,13479
values_177,2884
values_384,16594
values_112,2228
values_928,5408
values_676,2934
values_596,8859
values_753,4419
values_126,19709
values_220,3544
values_792,4668
values_635,6344
values_434,1755
values_671,7947
values_708,11188
values_189,2565
values_827,13697
values_337,4435
values_248,9503
values_520,2061
values_153,2775
values_416,11951
values_469,56
values_353,6367
values_91,21881
values_35,1887
values_831,10948
values_942,4029
values_407,162
values_412,8876
values_225,37
values_223,798
values_981,402
values_428,4854
values_555,6034
values_100,8549
values_674,722
values_369,11516
values_612,4918
values_673,3967
values_619,477
values_504,6911
values_386,715
values_209,363
values_980,8390
values_262,6605
values_454,9118
values_943,7662
values_957,8298
values_579,6935
values_597,379
values_255,1135
values_610,15422
values_808,19590
values_694,11251
values_436,15871
values_460,13324
values_923,2416
values_306,916
values_365,12763
values_750,6079
values_490,1093
values_982,6149
values_766,11396
values_845,20297
values_821,17
values_930,4590
values_465,61
values_512,6352
values_8,7560
values_768,1975
values_700,910
values_570,12425
values_247,13829
values_81,9905
values_251,9413
values_156,9971
values_829,6505
values_844,6672
values_307,18658
values_884,348
values_269,886
values_483,16084
values_901,1637
values_264,210
values_214,77
values_730,11005
values_342,2742
values_604,14886
values_814,1166
values_782,6835
values_391,1860
values_624,13640
values_203,8063
values_652,3204
values_305,7993
values_231,6615
values_565,529
values_392,7469
values_864,18624
values_348,7692
values_286,2388
values_788,5961
values_655,14857
values_952,14592
values_854,303
values_134,17149
values_607,19788
values_87,7488
values_506,344
values_190,11605
values_587,11573
values_517,3686
values_237,909
values_816,3595
values_467,15199
values_906,15668
values_12,88
values_976,4050
values_486,20384
values_183,128
values_275,4868
values_524,186
values_201,4741
values_754,1552
values_606,14669
values_999,10567
values_359,12165
values_457,1862
values_551,6587
values_86,4513
values_387,5419
values_697,2060
values_739,4380
values_303,5717
values_372,8005
values_405,507
values_267,236
values_584,1945
values_114,1576
values_188,13960
values_15,309
values_518,5749
values_647,1892
values_228,17943
values_55,6382
values_6,92
values_911,8641
values_515,11987
values_409,1330
values_868,13258
values_478,34
values_13,1582
values_894,1742
values_25,13748
values_243,16781
values_496,17112
values_463,12225
values_577,479
values_322,10820
values_246,1674
values_151,16128
values_718,3604
values_200,29
values_567,18562
values_548,13896
values_425,1375
values_746,18926
values_435,1228
values_657,7640
values_797,21007
values_500,11001
values_789,7071
values_563,4076
values_914,14983
values_765,3324
values_648,8179
values_31,17584
values_80,473
values_41,2441
values_585,14196
values_925,5670
values_856,48
values_36,2254
values_44,15687
values_514,6743
values_822,5563
values_970,5968
values_402,5509
values_440,3858
values_16,7484
values_361,4279
values_521,12488
values_466,11019
values_30,77
values_725,3717
values_643,734
values_594,1370
values_468,906
values_279,7067
values_494,255
values_389,14148
values_696,34
values_437,9214
values_103,3967
values_159,10470
values_593,423
values_784,13300
values_378,1720
values_376,5669
values_3,3549
values_576,7671
values_962,3414
values_936,9512
values_721,12431
values_450,8335
values_776,165
values_29,6995
values_861,7540
values_364,19740
values_84,19724
values_664,3132
values_636,2431
values_77,522
values_294,5003
values_233,21659
values_447,3050
values_995,20392
values_775,562
values_318,4927
values_843,3344
values_54,13275
values_455,15748
values_682,1077
values_458,17908
values_547,6414
values_367,1757
values_193,13756
values_582,18017
values_155,501
values_608,4678
values_909,2204
values_653,2051
values_716,1008
values_142,3686
values_617,15692
values_595,349
values_98,572
values_830,14874
values_423,254
values_812,7132
values_932,5417
values_341,9406
values_896,17058
values_988,51
values_152,679
values_658,2755
values_869,13084
values_485,756
values_993,18727
values_883,7927
values_222,4370
values_335,724
values_979,20644
values_314,2346
values_291,15424
values_817,9410
values_656,2500
values_22,714
values_288,16905
values_867,18311
values_17,20
values_442,7694
values_236,15779
values_85,1252
values_221,13387
values_46,6192
values_944,3738
values_572,2986
values_509,15771
values_336,1215
values_284,1948
values_83,1134
values_663,1495
values_449,15270
values_235,8103
values_711,3113
values_629,3497
values_614,16036
values_429,1953
values_61,12656
values_5,4272
values_632,20
values_586,1183
values_28,17302
values_310,16158
values_184,13477
values_497,968
values_969,3545
values_99,1120
values_621,6488
values_127,1369
values_301,6145
values_859,3810
values_623,7597
values_916,2076
values_599,7818
values_913,34
values_263,22231
values_312,778
values_97,10281
values_377,8618
values_433,6200
values_287,65
values_186,1981
values_666,1072
values_406,3633
values_261,351
values_654,4167
values_78,1830
values_580,347
values_810,17878
values_23,11197
values_413,496
values_75,942
values_720,9151
values_804,1365
values_719,8591
values_862,5947
values_591,11407
values_815,5187
values_926,5974
values_756,2448
values_45,6258
values_82,31
values_187,14633
values_385,1528
values_876,14474
values_569,435
values_482,20617
values_422,1689
values_687,9869
values_210,4430
values_877,572
values_602,14619
values_11,5344
values_65,1571
values_93,17066
values_197,7808
values_881,950
values_519,2940
values_298,10868
values_144,17823
values_491,9985
values_681,1989
values_773,15988
values_918,12551
values_803,14213
values_807,17931
values_975,1816
values_256,7490
values_732,15044
values_122,1935
values_33,13392
values_665,13161
values_119,8183
values_588,7640
values_473,885
values_105,976
values_89,15781
values_20,14613
values_419,21664
values_731,7569
values_855,14461
values_161,21952
values_26,11162
values_581,16323
values_611,6466
values_598,17
values_360,4271
values_609,8201
values_905,2955
values_590,9909
values_758,2426
values_759,3611
values_178,4690
values_374,10192
values_922,17690
values_340,1300
values_241,19938
values_276,7284
values_461,4601
values_395,1568
values_948,659
values_670,16907
values_880,6042
values_166,10187
values_311,13106
values_535,19483
values_723,5700
values_217,16605
values_937,21206
values_672,14001
values_280,3589
values_737,3528
values_163,1328
values_553,743
values_431,12680
values_974,3740
values_954,19029
values_351,20
values_639,8273
values_578,3921
values_165,5005
values_37,2163
values_472,3501
values_968,9599
values_317,8571
values_545,17807
values_525,1174
values_18,3587
values_143,830
values_368,4059
values_347,26
values_592,12563
values_961,259
values_685,20521
values_49,5459
values_851,5511
values_56,18865
values_846,2358
values_272,14514
values_793,3000
values_445,3047
values_839,10211
values_273,7028
values_904,15428
values_326,3961
values_411,4760
values_333,5129
values_767,17524
values_52,20062
values_649,14047
values_168,123
values_290,10136
values_931,4010
values_102,3999
values_813,14964
values_615,19158
values_523,20394
values_631,473
values_4,17057
values_356,8906
values_678,3407
values_762,18479
values_540,165
values_828,999
values_566,205
values_802,20564
values_849,394
values_249,11309
values_503,2994
values_319,613
values_265,9212
values_805,349
values_371,10706
values_850,14153
values_966,11813
values_997,1801
values_101,14183
values_94,15068
values_430,6709
values_510,7833
values_70,9619
values_733,923
values_661,6958
values_543,6317
values_924,12525
values_736,6028
values_783,5803
values_218,2011
values_285,3438
values_107,2350
values_929,2017
values_823,1518
values_692,14975
values_375,20383
values_202,1865
values_328,17806
values_53,20157
values_110,8592
values_798,411
values_179,4038
values_207,654
values_537,1866
values_278,21634
values_308,20758
values_104,1271
values_370,13489
values_239,3849
values_230,2981
values_729,3368
values_96,2597
values_76,9435
values_316,9799
values_492,4538
values_67,1249
values_489,1532
values_990,34
values_424,16685
values_238,11528
values_481,8451
values_702,14822
values_257,14044
values_571,3547
values_662,21459
values_453,3819
values_149,16435
values_835,9514
values_281,9327
values_130,13831
values_745,6675
values_27,11248
values_953,3173
values_772,2729
values_313,4462
values_561,6883
values_355,7572
values_915,14743
values_296,5341
values_487,13933
values_145,8504
values_709,16093
values_397,18633
values_809,6189
values_757,13643
values_196,1672
values_951,1731
values_513,6848
values_689,3254
values_154,2596
values_824,17900
values_860,257
values_444,17694
values_79,10031
values_744,803
values_181,6226
values_575,3589
values_358,8655
values_536,7394
values_1,139
values_215,346
values_533,19445
values_836,11415
values_38,15072
values_206,17288
values_917,10617
values_148,651
values_641,8693
values_630,2775
values_874,1462
values_701,145
values_882,13850
values_738,6511
values_825,11800
values_616,6678
values_501,2115
values_791,14081
values_819,56
values_899,10084
values_300,272
values_677,8834
values_987,7251
values_847,1866
values_959,15579
values_164,20607
values_232,1216
values_321,18297
values_396,4310
values_39,12769
values_837,14070
values_955,13060
values_349,7445
values_939,331
values_60,16133
values_977,4102
values_366,13075
values_390,18068
values_628,15170
values_62,3966
values_749,11949
values_498,1454
values_991,13539
values_642,16693
values_174,4751
values_675,6045
values_857,9015
values_48,442
values_324,15473
values_258,3246
values_886,1888
values_600,15076
values_693,9307
values_399,3637
values_443,18802
values_205,10495
values_940,3183
values_889,13296
values_704,8043
values_507,18475
values_770,9965
values_173,11712
values_529,18587
values_530,7283
values_760,17
values_394,863
values_162,5629
values_618,19434
values_117,2992
values_949,2904
values_121,21010
values_309,987
values_282,603
values_938,1253
values_833,16405
values_842,9220
values_870,13081
values_108,19759
values_601,202
values_996,173
values_875,699
values_707,11130
values_352,4546
values_129,332
values_659,16688
values_699,5969
values_727,4810
values_334,20
values_379,17628
values_879,3164
values_781,11906
values_160,3269
values_538,9562
values_863,1346
values_254,542
values_960,5219
values_852,4891
values_363,5632
values_637,109
values_799,20726
values_452,12363
values_713,6034
values_887,5131
values_550,7222
values_973,5615
values_194,8178
values_234,19963
values_24,902
values_136,618
values_712,14091
values_778,7525
values_147,13311
values_695,1137
values_626,8118
values_605,17445
values_752,9228
values_771,740
values_531,9311
values_295,8818
values_811,73
values_410,23596
values_204,3525
values_14,7421
values_508,3035
values_388,1129
values_182,379
values_357,18935
values_109,6680
values_19,13402
values_106,572
values_965,525
values_998,8851
values_650,1716
values_542,810
values_88,18355
values_751,10795
values_0,17029
values_211,7496
values_726,535
values_972,56
values_329,1277
values_401,12542
values_302,15179
values_135,9878
values_323,8682
values_493,15561
values_651,1420
values_820,12064
values_224,19456
values_260,3857
values_180,234
values_715,12591
values_43,6757
values_539,3284
values_439,6282
values_978,4908
values_679,1503
values_528,15744
values_304,4695
values_66,13180
values_688,9057
values_568,20
values_157,10564
values_338,106
values_722,86
values_172,3315
values_350,17793
values_63,727
values_710,17759
values_212,6659
values_138,2493
values_853,17686
values_964,1306
values_208,358
values_787,14568
values_865,1641
values_633,15614
values_393,7857
values_330,18243
values_526,477
values_558,7098
values_560,977
values_502,21041
values_505,252
values_742,23070
values_475,8666
values_735,4415
values_167,5317
values_297,6775
values_479,1791
values_113,2450
values_175,950
values_644,20478
values_427,14261
values_332,31
values_620,7653
values_40,11062
values_703,1488
values_464,7804
values_146,709
values_983,11737
values_226,8453
values_834,8695
values_790,6388
values_244,9890
values_574,9807
values_705,531
values_137,14686
values_171,62
values_339,540
values_989,1960
values_139,1135
values_470,13837
values_343,1429
values_785,7384
values_245,20141
values_227,2433
values_32,3446
values_933,2987
values_992,5698
values_908,288
values_474,2917
values_72,17872
values_841,76
values_740,633
values_170,12210
values_912,4049
values_7,480
values_660,9494
values_763,584
values_488,5132
values_191,13791
values_986,172
values_451,17979
values_589,9445
values_902,6957
values_176,18552
values_95,454
values_331,11589
values_806,8162
values_404,7085
values_627,1527
values_438,18877
values_947,11748
values_559,16928
values_414,19921
values_690,17729
values_132,14530
values_945,13842
values_124,15148
values_897,13272
values_64,3831
values_638,13274
values_573,14151
values_42,8302
values_120,6991
values_250,10383
values_299,13460
values_128,8885
values_50,4124
values_786,2116
values_640,10169
values_471,17663
values_252,8259
values_9,3082
values_741,18187
values_686,422
values_890,5482
values_667,9640
values_634,1864
values_403,12855
values_195,1145
values_199,1153
values_971,15149
values_919,7782
values_734,3166
values_921,14150
values_556,2423
values_448,8443
values_125,18536
values_546,8325
values_895,7520
values_268,805
values_10,2253
values_769,7859
values_380,2470
values_554,8647
values_408,19167
values_522,17931
values_963,1993
values_90,143
values_118,13466
values_59,13110
values_801,11530
values_325,77
values_562,9478
values_871,16540
values_755,16811
values_826,9937
values_133,9006
values_381,4821
values_613,937
values_484,4900
values_477,18403
values_426,2971
values_270,6562
values_315,608
values_417,17451
values_795,481
values_532,164
values_480,6126
values_47,1200
values_462,13365
values_967,3587
values_198,6963
values_495,20959
values_432,15069
values_373,1720
values_774,13351
values_169,437
values_683,5999
values_625,809
values_818,9544
values_57,18753
values_885,14594
values_838,1921
values_872,605
values_185,711
values_796,14176
values_748,12586
values_421,2688
values_893,15918
values_242,1307
values_499,1521
values_51,1302
values_935,9039
values_362,16178
values_456,3003
values_794,681
values_669,8048
values_441,5127
values_115,10090
values_583,5090
values_878,3729
values_866,8648
values_900,2084
values_446,34
values_950,2041
values_259,18675
values_253,10949
values_728,2054
values_141,2906
values_320,17007
values_2,8550
values_346,4385
