values_150,120311
values_888,69420
values_956,47074
values_691,47547
values_344,64672
values_283,140183
values_717,123064
values_74,90453
values_21,4972
values_724,7106
values_994,110068
values_920,22957
values_229,52507
values_985,55324
values_603,23898
values_764,38882
values_69,114731
values_327,142583
values_840,117922
values_891,46706
values_398,49325
values_527,13634
values_873,81529
values_564,60878
values_383,47940
values_420,106852
values_779,36412
values_73,4379
values_706,35277
values_213,54303
values_289,2454
values_293,42568
values_219,79827
values_927,3639
values_111,17207
values_934,75151
values_907,3386
values_415,109585
values_984,77665
values_34,21575
values_800,6161
values_240,56780
values_903,56210
values_747,14540
values_92,11700
values_910,57701
values_216,4562
values_131,29512
values_622,140118
values_777,31557
values_698,112162
values_71,131973
values_274,105242
values_400,5510
values_549,37426
values_958,100465
values_743,75243
values_292,35874
values_557,7109
values_68,139363
values_534,69397
values_58,141539
values_645,82228
values_271,31843
values_892,91176
values_544,67963
values_459,16814
values_714,22696
values_418,94902
values_511,7324
values_941,86754
values_116,96092
values_476,8586
values_858,76817
values_345,17964
values_158,53826
values_277,92195
values_898,31759
values_123,40182
values_680,115375
values_946,28685
values_761,32564
values_382,16957
values_848,69746
values_832,57674
values_646,105333
values_516,28248
values_354,26946
values_780,114813
values_552,53223
values_541,37911
values_140,42431
values_684,125960
values_668,76225
values_266,94687
values_192,105577
values_177,71385
values_384,36683
values_112,96318
values_928,2454
values_676,97998
values_596,137138
values_753,79662
values_126,86177
values_220,74326
values_792,47248
values_635,7699
values_434,15592
values_671,90734
values_708,130436
values_189,93605
values_827,11283
values_337,69283
values_248,122950
values_520,94345
values_153,36743
values_416,116390
values_469,3296
values_353,16835
values_91,77271
values_35,138150
values_831,8849
values_942,11950
values_407,111579
values_412,8131
values_225,124418
values_223,83413
values_981,61830
values_428,29353
values_555,93621
values_100,22783
values_674,126676
values_369,25619
values_612,124005
values_673,25863
values_619,24620
values_504,63477
values_386,84574
values_209,5260
values_980,93123
values_262,80763
values_454,96978
values_943,69057
values_957,17787
values_579,39345
values_597,16905
values_255,98386
values_610,54074
values_808,47282
values_694,8746
values_436,149963
values_460,56401
values_923,15738
values_306,85974
values_365,21581
values_750,59185
values_490,122247
values_982,20832
values_766,128927
values_845,10693
values_821,1573
values_930,74137
values_465,94548
values_512,3799
values_8,99248
values_768,140603
values_700,73919
values_570,102938
values_247,100735
values_81,2873
values_251,77239
values_156,80776
values_829,88197
values_844,122624
values_307,112736
values_884,85127
values_269,60346
values_483,33641
values_901,27814
values_264,75008
values_214,7779
values_730,1279
values_342,135908
values_604,3376
values_814,13474
values_782,120003
values_391,23696
values_624,1199
values_203,58731
values_652,91806
values_305,10898
values_231,37480
values_565,2918
values_392,96678
values_864,114314
values_348,124718
values_286,82072
values_788,8301
values_655,111027
values_952,132645
values_854,91087
values_134,118564
values_607,68902
values_87,106710
values_506,125370
values_190,54288
values_587,34141
values_517,35107
values_237,50798
values_816,96452
values_467,79018
values_906,135803
values_12,100197
values_976,30578
values_486,68543
values_183,46951
values_275,29206
values_524,35239
values_201,113832
values_754,81841
values_606,21665
values_999,83337
values_359,11273
values_457,128202
values_551,122251
values_86,9214
values_387,130660
values_697,14748
values_739,67452
values_303,58322
values_372,19898
values_405,89776
values_267,113513
values_584,126443
values_114,10915
values_188,102642
values_15,139015
values_518,47884
values_647,1618
values_228,11023
values_55,144253
values_6,37609
values_911,40919
values_515,123927
values_409,12012
values_868,1279
values_478,18846
values_13,27599
values_894,87542
values_25,25894
values_243,109457
values_496,86323
values_463,82312
values_577,3844
values_322,1279
values_246,48668
values_151,43965
values_718,26394
values_200,142258
values_567,27616
values_548,83844
values_425,8211
values_746,67989
values_435,46543
values_657,42524
values_797,44341
values_500,77079
values_789,97674
values_563,5007
values_914,46715
values_765,38619
values_648,128872
values_31,2624
values_80,108569
values_41,34586
values_585,92956
values_925,71501
values_856,84994
values_36,59005
values_44,92558
values_514,130425
values_822,3421
values_970,11995
values_402,41807
values_440,91826
values_16,81510
values_361,80153
values_521,93420
values_466,4219
values_30,24602
values_725,92466
values_643,102558
values_594,96268
values_468,70201
values_279,12832
values_494,36152
values_389,108969
values_696,23113
values_437,13411
values_103,65899
values_159,131190
values_593,98153
values_784,65708
values_378,11780
values_376,25308
values_3,57266
values_576,84008
values_962,70082
values_936,114060
values_721,14443
values_450,2918
values_776,25772
values_29,134027
values_861,88422
values_364,54282
values_84,145868
values_664,25068
values_636,110004
values_77,22856
values_294,124472
values_233,96303
values_447,76698
values_995,76178
values_775,138373
values_318,129637
values_843,17464
values_54,5430
values_455,65558
values_682,48057
values_458,4587
values_547,136298
values_367,138793
values_193,27509
values_582,101837
values_155,69636
values_608,55809
values_909,121019
values_653,144003
values_716,83312
values_142,138798
values_617,116451
values_595,30269
values_98,36323
values_830,89119
values_423,68975
values_812,19360
values_932,97123
values_341,84747
values_896,17419
values_988,105675
values_152,109069
values_658,1279
values_869,94897
values_485,101790
values_993,92358
values_883,42346
values_222,105153
values_335,6561
values_979,1573
values_314,10783
values_291,5943
values_817,59313
values_656,43944
values_22,103323
values_288,34947
values_867,22099
values_17,61071
values_442,12255
values_236,24870
values_85,13047
values_221,25071
values_46,13196
values_944,41863
values_572,34221
values_509,96337
values_336,105366
values_284,91878
values_83,1653
values_663,145818
values_449,135933
values_235,63636
values_711,100717
values_629,44954
values_614,113157
values_429,65057
values_61,84424
values_5,17439
values_632,6651
values_586,81209
values_28,5100
values_310,128419
values_184,74985
values_497,10408
values_969,117538
values_99,87781
values_621,61345
values_127,105626
values_301,49384
values_859,100846
values_623,33787
values_916,99125
values_599,41516
values_913,117638
values_263,12210
values_312,43646
values_97,96568
values_377,121472
values_433,17172
values_287,67923
values_186,80158
values_666,17054
values_406,70794
values_261,51801
values_654,24182
values_78,128053
values_580,24245
values_810,10488
values_23,128648
values_413,4802
values_75,3328
values_720,4677
values_804,101144
values_719,94064
values_862,89897
values_591,56938
values_815,56347
values_926,82048
values_756,98028
values_45,38028
values_82,21811
values_187,67841
values_385,134434
values_876,89719
values_569,86106
values_482,24140
values_422,149698
values_687,130685
values_210,99891
values_877,39345
values_602,8679
values_11,117347
values_65,122799
values_93,99394
values_197,24790
values_881,92952
values_519,128734
values_298,141398
values_144,87799
values_491,117931
values_681,49950
values_773,78929
values_918,83971
values_803,3501
values_807,69367
values_975,30914
values_256,137095
values_732,34947
values_122,144618
values_33,5007
values_665,112592
values_119,16377
values_588,82272
values_473,133933
values_105,58878
values_89,71241
values_20,72227
values_419,119750
values_731,95593
values_855,40129
values_161,101309
values_26,36723
values_581,36051
values_611,68058
values_598,110489
values_360,85016
values_609,74639
values_905,83627
values_590,83808
values_758,24835
values_759,3421
values_178,67456
values_374,113274
values_922,54465
values_340,133765
values_241,106015
values_276,66784
values_461,107631
values_395,33204
values_948,26067
values_670,101702
values_880,6994
values_166,135375
values_311,10294
values_535,41286
values_723,129139
values_217,55418
values_937,54896
values_672,54268
values_280,108107
values_737,122383
values_163,130048
values_553,5225
values_431,108920
values_974,6696
values_954,103118
values_351,116917
values_639,13873
values_578,60549
values_165,65026
values_37,2579
values_472,21745
values_968,9131
values_317,136637
values_545,85347
values_525,75192
values_18,54685
values_143,1493
values_368,93694
values_347,109720
values_592,34357
values_961,93295
values_685,30300
values_49,11370
values_851,115766
values_56,29827
values_846,14606
values_272,56892
values_793,78533
values_445,6526
values_839,132423
values_273,3168
values_904,40967
values_326,17637
values_411,20665
values_333,129629
values_767,32349
values_52,60747
values_649,3844
values_168,35322
values_290,36659
values_931,1653
values_102,30289
values_813,99407
values_615,127400
values_523,132323
values_631,63684
values_4,45464
values_356,98223
values_678,50531
values_762,85935
values_540,141218
values_828,4347
values_566,15995
values_802,98529
values_849,123253
values_249,100606
values_503,9349
values_319,97384
values_265,60922
values_805,112875
values_371,14311
values_850,39818
values_966,84622
values_997,90154
values_101,39076
values_94,6994
values_430,110501
values_510,95112
values_70,71228
values_733,38057
values_661,2419
values_543,68919
values_924,20363
values_736,45295
values_783,14061
values_218,110762
values_285,16228
values_107,1493
values_929,27891
values_823,106871
values_692,32689
values_375,48507
values_202,94942
values_328,144028
values_53,14818
values_110,112389
values_798,22290
values_179,100493
values_207,44264
values_537,91879
values_278,25977
values_308,102759
values_104,1199
values_370,94963
values_239,62900
values_230,23151
values_729,71203
values_96,100856
values_76,92430
values_316,100627
values_492,8961
values_67,114578
values_489,118657
values_990,19026
values_424,97369
values_238,13971
values_481,126248
values_702,62991
values_257,110703
values_571,10693
values_662,74799
values_453,7586
values_149,128360
values_835,2873
values_281,91649
values_130,40061
values_745,25839
values_27,102665
values_953,5097
values_772,35471
values_313,86010
values_561,28186
values_355,114738
values_915,73917
values_296,115262
values_487,2374
values_145,13328
values_709,76738
values_397,134438
values_809,27939
values_757,132687
values_196,68937
values_951,39661
values_513,29641
values_689,66089
values_154,56973
values_824,126337
values_860,5020
values_444,5683
values_79,36732
values_744,4802
values_181,78008
values_575,18648
values_358,16856
values_536,112121
values_1,45646
values_215,97141
values_533,4254
values_836,8951
values_38,116078
values_206,65471
values_917,139408
values_148,94103
values_641,103775
values_630,37945
values_874,104264
values_701,131029
values_882,19846
values_738,64925
values_825,65299
values_616,66592
values_501,2918
values_791,85997
values_819,81255
values_899,118137
values_300,117628
values_677,45204
values_987,39647
values_847,12797
values_959,8666
values_164,24814
values_232,121039
values_321,134003
values_396,54804
values_39,136458
values_837,21790
values_955,50804
values_349,10728
values_939,119301
values_60,6321
values_977,17474
values_366,105995
values_390,64231
values_628,19269
values_62,12165
values_749,134890
values_498,5145
values_991,82134
values_642,56551
values_174,77365
values_675,88546
values_857,94234
values_48,2579
values_324,54835
values_258,106525
values_886,81448
values_600,11523
values_693,7154
values_399,65662
values_443,115009
values_205,134667
values_940,10460
values_889,91590
values_704,129029
values_507,72092
values_770,67771
values_173,80835
values_529,26331
values_530,128040
values_760,31467
values_394,13366
values_162,91185
values_618,136308
values_117,128869
values_949,14384
values_121,71171
values_309,9429
values_282,58014
values_938,56425
values_833,17724
values_842,57901
values_870,60344
values_108,60716
values_601,9214
values_996,29192
values_875,51684
values_707,133440
values_352,11710
values_129,81161
values_659,4174
values_699,64239
values_727,84827
values_334,39254
values_379,22516
values_879,47779
values_781,36142
values_160,136423
values_538,12137
values_863,71169
values_254,48624
values_960,26832
values_852,49633
values_363,106345
values_637,67339
values_799,86909
values_452,109071
values_713,23543
values_887,108664
values_550,82452
values_973,26217
values_194,60274
values_234,20131
values_24,53270
values_136,144378
values_712,16332
values_778,89261
values_147,70014
values_695,81370
values_626,3844
values_605,19970
values_752,121601
values_771,116420
values_531,96156
values_295,88875
values_811,153968
values_410,79266
values_204,100515
values_14,117863
values_508,101663
values_388,82382
values_182,20317
values_357,16617
values_109,109977
values_19,24717
values_106,14231
values_965,127116
values_998,101056
values_650,107664
values_542,138938
values_88,99644
values_751,45375
values_0,119144
values_211,43990
values_726,111001
values_972,122387
values_329,119193
values_401,43429
values_302,96726
values_135,46622
values_323,146373
values_493,50361
values_651,45306
values_820,142277
values_224,111217
values_260,105002
values_180,67159
values_715,16665
values_43,63229
values_539,1493
values_439,27359
values_978,42093
values_679,41774
values_528,54678
values_304,58836
values_66,81335
values_688,107694
values_568,18613
values_157,112932
values_338,51805
values_722,129283
values_172,36483
values_350,31620
values_63,23946
values_710,72783
values_212,36198
values_138,59059
values_853,63865
values_964,134707
values_208,15842
values_787,42353
values_865,51103
values_633,76063
values_393,25519
values_330,14231
values_526,46782
values_558,2588
values_560,122552
values_502,26491
values_505,103766
values_742,13474
values_475,24210
values_735,99170
values_167,79281
values_297,33089
values_479,3671
values_113,18644
values_175,56900
values_644,139133
values_427,45872
values_332,11700
values_620,92262
values_40,117127
values_703,59250
values_464,96150
values_146,48637
values_983,37861
values_226,120542
values_834,26109
values_790,63013
values_244,84969
values_574,93749
values_705,36816
values_137,35409
values_171,83622
values_339,52339
values_989,62713
values_139,97377
values_470,82155
values_343,58640
values_785,140433
values_245,84458
values_227,18915
values_32,128338
values_933,58192
values_992,92388
values_908,122408
values_474,2499
values_72,56335
values_841,102397
values_740,11363
values_170,1199
values_912,54732
values_7,45365
values_660,67586
values_763,51211
values_488,108558
values_191,87104
values_986,121303
values_451,103156
values_589,26682
values_902,15193
values_176,6433
values_95,131098
values_331,146123
values_806,59737
values_404,77693
values_627,145943
values_438,132788
values_947,20790
values_559,71737
values_414,98800
values_690,39548
values_132,126918
values_945,15693
values_124,45237
values_897,27422
values_64,52778
values_638,73488
values_573,91578
values_42,27179
values_120,88704
values_250,119056
values_299,38460
values_128,111761
values_50,21332
values_786,57047
values_640,118519
values_471,134488
values_252,106742
values_9,9953
values_741,35392
values_686,76747
values_890,44785
values_667,65570
values_634,10033
values_403,86789
values_195,7324
values_199,18919
values_971,119463
values_919,97484
values_734,73553
values_921,52406
values_556,10293
values_448,62800
values_125,142238
values_546,1279
values_895,99637
values_268,34659
values_10,121770
values_769,81554
values_380,61387
values_554,91160
values_408,98113
values_522,92760
values_963,67059
values_90,111647
values_118,83257
values_59,3123
values_801,37667
values_325,145783
values_562,39571
values_871,45435
values_755,86935
values_826,134987
values_133,39466
values_381,135193
values_613,9606
values_484,20040
values_477,70102
values_426,79442
values_270,109648
values_315,100966
values_417,50338
values_795,129573
values_532,70393
values_480,22839
values_47,122058
values_462,104007
values_967,94715
values_198,46602
values_495,47914
values_432,114908
values_373,97725
values_774,55143
values_169,79461
values_683,2499
values_625,53553
values_818,21050
values_57,123221
values_885,1199
values_838,20148
values_872,1199
values_185,6116
values_796,105900
values_748,127945
values_421,78527
values_893,25460
values_242,126389
values_499,16925
values_51,45454
values_935,143722
values_362,45252
values_456,102712
values_794,1573
values_669,18141
values_441,30800
values_115,52437
values_583,126495
values_878,109480
values_866,138717
values_900,39352
values_446,88935
values_950,35989
values_259,103086
values_253,112095
values_728,94987
values_141,132991
values_320,137922
values_2,5087
values_346,112457
