values_150,245
values_888,270
values_956,340
values_691,225
values_344,215
values_283,190
values_717,60
values_74,275
values_21,405
values_724,445
values_994,380
values_920,405
values_229,305
values_985,400
values_603,405
values_764,385
values_69,345
values_327,230
values_840,85
values_891,325
values_398,445
values_527,130
values_873,115
values_564,25
values_383,85
values_420,450
values_779,235
values_73,110
values_706,115
values_213,165
values_289,445
values_293,360
values_219,415
values_927,25
values_111,135
values_934,345
values_907,110
values_415,270
values_984,310
values_34,15
values_800,295
values_240,110
values_903,120
values_747,380
values_92,285
values_910,385
values_216,220
values_131,395
values_622,300
values_777,175
values_698,310
values_71,380
values_274,205
values_400,430
values_549,455
values_958,450
values_743,30
values_292,360
values_557,95
values_68,45
values_534,420
values_58,60
values_645,135
values_271,30
values_892,200
values_544,50
values_459,20
values_714,410
values_418,320
values_511,440
values_941,130
values_116,160
values_476,35
values_858,80
values_345,130
values_158,300
values_277,170
values_898,285
values_123,165
values_680,180
values_946,195
values_761,180
values_382,40
values_848,300
values_832,125
values_646,115
values_516,290
values_354,305
values_780,55
values_552,275
values_541,450
values_140,220
values_684,140
values_668,355
values_266,175
values_192,125
values_177,90
values_384,115
values_112,400
values_928,90
values_676,240
values_596,60
values_753,75
values_126,80
values_220,40
values_792,205
values_635,195
values_434,95
values_671,245
values_708,400
values_189,75
values_827,170
values_337,390
values_248,185
values_520,385
values_153,55
values_416,80
values_469,85
values_353,120
values_91,135
values_35,155
values_831,70
values_942,245
values_407,195
values_412,40
values_225,280
values_223,210
values_981,35
values_428,100
values_555,300
values_100,335
values_674,170
values_369,220
values_612,375
values_673,230
values_619,110
values_504,385
values_386,285
values_209,120
values_980,290
values_262,290
values_454,290
values_943,445
values_957,45
values_579,260
values_597,115
values_255,80
values_610,85
values_808,35
values_694,405
values_436,65
values_460,135
values_923,85
values_306,420
values_365,55
values_750,295
values_490,255
values_982,105
values_766,260
values_845,250
values_821,455
values_930,260
values_465,35
values_512,130
values_8,140
values_768,255
values_700,320
values_570,170
values_247,405
values_81,250
values_251,235
values_156,375
values_829,25
values_844,115
values_307,295
values_884,300
values_269,440
values_483,120
values_901,200
values_264,335
values_214,180
values_730,80
values_342,305
values_604,345
values_814,200
values_782,105
values_391,70
values_624,80
values_203,400
values_652,115
values_305,80
values_231,345
values_565,90
values_392,340
values_864,205
values_348,410
values_286,95
values_788,345
values_655,200
values_952,425
values_854,330
values_134,40
values_607,165
values_87,165
values_506,250
values_190,90
values_587,370
values_517,445
values_237,160
values_816,210
values_467,340
values_906,45
values_12,445
values_976,255
values_486,430
values_183,320
values_275,240
values_524,190
values_201,420
values_754,90
values_606,35
values_999,55
values_359,180
values_457,300
values_551,415
values_86,55
values_387,460
values_697,285
values_739,370
values_303,155
values_372,80
values_405,355
values_267,105
values_584,125
values_114,50
values_188,335
values_15,40
values_518,50
values_647,195
values_228,350
values_55,295
values_6,460
values_911,450
values_515,30
values_409,140
values_868,430
values_478,305
values_13,220
values_894,140
values_25,350
values_243,245
values_496,370
values_463,340
values_577,245
values_322,415
values_246,355
values_151,140
values_718,390
values_200,145
values_567,320
values_548,285
values_425,305
values_746,40
values_435,200
values_657,270
values_797,40
values_500,130
values_789,60
values_563,100
values_914,180
values_765,370
values_648,215
values_31,70
values_80,15
values_41,100
values_585,315
values_925,440
values_856,145
values_36,165
values_44,250
values_514,80
values_822,445
values_970,240
values_402,25
values_440,325
values_16,325
values_361,410
values_521,60
values_466,415
values_30,35
values_725,30
values_643,35
values_594,295
values_468,120
values_279,290
values_494,255
values_389,415
values_696,250
values_437,175
values_103,210
values_159,255
values_593,150
values_784,155
values_378,415
values_376,315
values_3,70
values_576,330
values_962,455
values_936,110
values_721,30
values_450,380
values_776,435
values_29,140
values_861,105
values_364,105
values_84,85
values_664,285
values_636,110
values_77,245
values_294,290
values_233,95
values_447,95
values_995,35
values_775,205
values_318,365
values_843,75
values_54,165
values_455,40
values_682,380
values_458,160
values_547,390
values_367,175
values_193,255
values_582,195
values_155,430
values_608,235
values_909,245
values_653,225
values_716,15
values_142,360
values_617,455
values_595,305
values_98,300
values_830,155
values_423,245
values_812,325
values_932,275
values_341,210
values_896,30
values_988,65
values_152,20
values_658,180
values_869,145
values_485,100
values_993,460
values_883,310
values_222,275
values_335,400
values_979,415
values_314,350
values_291,145
values_817,105
values_656,70
values_22,140
values_288,230
values_867,60
values_17,415
values_442,310
values_236,430
values_85,165
values_221,180
values_46,275
values_944,185
values_572,85
values_509,330
values_336,190
values_284,45
values_83,390
values_663,355
values_449,170
values_235,50
values_711,65
values_629,435
values_614,120
values_429,415
values_61,125
values_5,385
values_632,160
values_586,300
values_28,45
values_310,290
values_184,105
values_497,130
values_969,440
values_99,310
values_621,305
values_127,190
values_301,65
values_859,195
values_623,120
values_916,205
values_599,45
values_913,335
values_263,130
values_312,310
values_97,365
values_377,375
values_433,300
values_287,215
values_186,290
values_666,420
values_406,270
values_261,200
values_654,425
values_78,50
values_580,40
values_810,370
values_23,230
values_413,340
values_75,200
values_720,255
values_804,460
values_719,165
values_862,145
values_591,265
values_815,240
values_926,45
values_756,435
values_45,425
values_82,265
values_187,80
values_385,20
values_876,455
values_569,50
values_482,25
values_422,410
values_687,75
values_210,325
values_877,25
values_602,130
values_11,350
values_65,415
values_93,15
values_197,380
values_881,260
values_519,280
values_298,55
values_144,450
values_491,200
values_681,95
values_773,415
values_918,175
values_803,105
values_807,270
values_975,90
values_256,205
values_732,115
values_122,150
values_33,25
values_665,20
values_119,95
values_588,360
values_473,250
values_105,340
values_89,365
values_20,70
values_419,260
values_731,360
values_855,420
values_161,370
values_26,380
values_581,210
values_611,105
values_598,145
values_360,65
values_609,275
values_905,125
values_590,35
values_758,85
values_759,35
values_178,50
values_374,120
values_922,115
values_340,310
values_241,35
values_276,275
values_461,370
values_395,375
values_948,20
values_670,395
values_880,30
values_166,220
values_311,95
values_535,215
values_723,195
values_217,145
values_937,255
values_672,220
values_280,385
values_737,310
values_163,230
values_553,255
values_431,415
values_974,405
values_954,370
values_351,300
values_639,20
values_578,395
values_165,125
values_37,160
values_472,90
values_968,160
values_317,210
values_545,415
values_525,230
values_18,420
values_143,35
values_368,395
values_347,330
values_592,140
values_961,145
values_685,145
values_49,425
values_851,390
values_56,40
values_846,325
values_272,400
values_793,90
values_445,240
values_839,25
values_273,35
values_904,105
values_326,120
values_411,190
values_333,85
values_767,410
values_52,330
values_649,270
values_168,225
values_290,430
values_931,20
values_102,135
values_813,45
values_615,355
values_523,40
values_631,305
values_4,100
values_356,220
values_678,265
values_762,285
values_540,410
values_828,405
values_566,155
values_802,50
values_849,295
values_249,160
values_503,215
values_319,95
values_265,20
values_805,315
values_371,100
values_850,365
values_966,275
values_997,125
values_101,340
values_94,200
values_430,40
values_510,370
values_70,165
values_733,325
values_661,305
values_543,175
values_924,40
values_736,315
values_783,90
values_218,345
values_285,365
values_107,375
values_929,420
values_823,375
values_692,415
values_375,120
values_202,300
values_328,145
values_53,90
values_110,430
values_798,140
values_179,245
values_207,195
values_537,370
values_278,150
values_308,430
values_104,105
values_370,460
values_239,145
values_230,240
values_729,90
values_96,200
values_76,70
values_316,215
values_492,190
values_67,320
values_489,20
values_990,335
values_424,70
values_238,340
values_481,395
values_702,440
values_257,275
values_571,355
values_662,385
values_453,120
values_149,15
values_835,70
values_281,365
values_130,170
values_745,200
values_27,355
values_953,280
values_772,410
values_313,410
values_561,355
values_355,250
values_915,60
values_296,185
values_487,70
values_145,410
values_709,330
values_397,370
values_809,95
values_757,270
values_196,85
values_951,300
values_513,380
values_689,260
values_154,430
values_824,175
values_860,270
values_444,355
values_79,385
values_744,360
values_181,75
values_575,250
values_358,405
values_536,395
values_1,290
values_215,200
values_533,350
values_836,75
values_38,290
values_206,175
values_917,325
values_148,260
values_641,330
values_630,175
values_874,260
values_701,435
values_882,310
values_738,310
values_825,130
values_616,40
values_501,115
values_791,155
values_819,195
values_899,460
values_300,350
values_677,365
values_987,240
values_847,220
values_959,270
values_164,405
values_232,170
values_321,295
values_396,215
values_39,105
values_837,190
values_955,175
values_349,255
values_939,240
values_60,260
values_977,375
values_366,175
values_390,290
values_628,280
values_62,235
values_749,220
values_498,460
values_991,325
values_642,285
values_174,80
values_675,205
values_857,215
values_48,85
values_324,55
values_258,400
values_886,235
values_600,125
values_693,205
values_399,135
values_443,300
values_205,355
values_940,170
values_889,170
values_704,155
values_507,305
values_770,335
values_173,205
values_529,320
values_530,205
values_760,400
values_394,15
values_162,450
values_618,115
values_117,130
values_949,150
values_121,120
values_309,455
values_282,350
values_938,95
values_833,395
values_842,205
values_870,455
values_108,50
values_601,380
values_996,340
values_875,385
values_707,320
values_352,405
values_129,320
values_659,235
values_699,330
values_727,75
values_334,345
values_379,280
values_879,355
values_781,170
values_160,170
values_538,210
values_863,450
values_254,310
values_960,395
values_852,195
values_363,445
values_637,110
values_799,75
values_452,350
values_713,415
values_887,265
values_550,425
values_973,455
values_194,435
values_234,340
values_24,15
values_136,240
values_712,275
values_778,375
values_147,315
values_695,235
values_626,285
values_605,125
values_752,115
values_771,60
values_531,425
values_295,280
values_811,170
values_410,285
values_204,220
values_14,275
values_508,65
values_388,270
values_182,425
values_357,265
values_109,80
values_19,120
values_106,295
values_965,325
values_998,370
values_650,395
values_542,400
values_88,245
values_751,340
values_0,255
values_211,390
values_726,215
values_972,100
values_329,265
values_401,305
values_302,295
values_135,290
values_323,345
values_493,375
values_651,180
values_820,340
values_224,265
values_260,120
values_180,240
values_715,95
values_43,30
values_539,95
values_439,440
values_978,450
values_679,165
values_528,15
values_304,265
values_66,15
values_688,315
values_568,450
values_157,20
values_338,140
values_722,415
values_172,385
values_350,455
values_63,265
values_710,225
values_212,430
values_138,400
values_853,340
values_964,415
values_208,250
values_787,110
values_865,70
values_633,40
values_393,305
values_330,350
values_526,15
values_558,15
values_560,205
values_502,385
values_505,375
values_742,205
values_475,280
values_735,200
values_167,265
values_297,325
values_479,360
values_113,250
values_175,285
values_644,150
values_427,190
values_332,365
values_620,255
values_40,255
values_703,240
values_464,290
values_146,305
values_983,365
values_226,380
values_834,180
values_790,255
values_244,125
values_574,250
values_705,415
values_137,195
values_171,110
values_339,270
values_989,50
values_139,130
values_470,25
values_343,355
values_785,335
values_245,190
values_227,445
values_32,310
values_933,100
values_992,20
values_908,190
values_474,325
values_72,240
values_841,145
values_740,180
values_170,235
values_912,50
values_7,460
values_660,325
values_763,210
values_488,320
values_191,105
values_986,370
values_451,425
values_589,330
values_902,440
values_176,45
values_95,195
values_331,50
values_806,150
values_404,415
values_627,410
values_438,155
values_947,135
values_559,460
values_414,315
values_690,190
values_132,285
values_945,160
values_124,140
values_897,15
values_64,400
values_638,255
values_573,170
values_42,205
values_120,95
values_250,445
values_299,260
values_128,305
values_50,415
values_786,445
values_640,315
values_471,240
values_252,455
values_9,205
values_741,400
values_686,210
values_890,315
values_667,90
values_634,150
values_403,130
values_195,70
values_199,90
values_971,365
values_919,285
values_734,245
values_921,225
values_556,390
values_448,215
values_125,325
values_546,130
values_895,355
values_268,325
values_10,250
values_769,420
values_380,290
values_554,245
values_408,385
values_522,145
values_963,250
values_90,195
values_118,135
values_59,235
values_801,125
values_325,55
values_562,435
values_871,275
values_755,120
values_826,300
values_133,245
values_381,320
values_613,435
values_484,160
values_477,180
values_426,25
values_270,200
values_315,390
values_417,350
values_795,455
values_532,25
values_480,245
values_47,220
values_462,325
values_967,200
values_198,385
values_495,450
values_432,230
values_373,60
values_774,380
values_169,460
values_683,310
values_625,190
values_818,40
values_57,450
values_885,90
values_838,110
values_872,35
values_185,450
values_796,395
values_748,110
values_421,200
values_893,275
values_242,130
values_499,385
values_51,235
values_935,415
values_362,365
values_456,415
values_794,210
values_669,330
values_441,380
values_115,310
values_583,405
values_878,440
values_866,105
values_900,115
values_446,60
values_950,170
values_259,265
values_253,365
values_728,195
values_141,265
values_320,15
values_2,460
values_346,405
