values_150,152
values_888,97
values_956,242
values_691,187
values_344,242
values_283,97
values_717,202
values_74,37
values_21,52
values_724,82
values_994,227
values_920,97
values_229,222
values_985,177
values_603,127
values_764,97
values_69,42
values_327,102
values_840,132
values_891,137
values_398,117
values_527,162
values_873,192
values_564,117
values_383,42
values_420,147
values_779,202
values_73,177
values_706,77
values_213,67
values_289,107
values_293,112
values_219,147
values_927,127
values_111,57
values_934,117
values_907,77
values_415,142
values_984,67
values_34,72
values_800,57
values_240,47
values_903,22
values_747,217
values_92,167
values_910,172
values_216,112
values_131,112
values_622,207
values_777,117
values_698,227
values_71,227
values_274,137
values_400,72
values_549,147
values_958,102
values_743,157
values_292,137
values_557,207
values_68,232
values_534,132
values_58,157
values_645,112
values_271,177
values_892,102
values_544,107
values_459,52
values_714,142
values_418,32
values_511,147
values_941,72
values_116,97
values_476,192
values_858,187
values_345,92
values_158,197
values_277,67
values_898,192
values_123,207
values_680,172
values_946,27
values_761,22
values_382,202
values_848,77
values_832,242
values_646,57
values_516,107
values_354,122
values_780,22
values_552,27
values_541,212
values_140,87
values_684,27
values_668,187
values_266,102
values_192,107
values_177,47
values_384,182
values_112,27
values_928,172
values_676,47
values_596,132
values_753,137
values_126,87
values_220,162
values_792,192
values_635,217
values_434,152
values_671,172
values_708,107
values_189,122
values_827,237
values_337,192
values_248,212
values_520,47
values_153,177
values_416,157
values_469,147
values_353,107
values_91,82
values_35,232
values_831,202
values_942,52
values_407,182
values_412,97
values_225,182
values_223,102
values_981,67
values_428,107
values_555,57
values_100,22
values_674,97
values_369,232
values_612,57
values_673,197
values_619,172
values_504,67
values_386,102
values_209,152
values_980,92
values_262,77
values_454,202
values_943,212
values_957,57
values_579,237
values_597,67
values_255,197
values_610,82
values_808,22
values_694,157
values_436,172
values_460,142
values_923,192
values_306,77
values_365,227
values_750,242
values_490,237
values_982,22
values_766,77
values_845,182
values_821,117
values_930,42
values_465,62
values_512,217
values_8,152
values_768,92
values_700,87
values_570,197
values_247,37
values_81,87
values_251,137
values_156,217
values_829,157
values_844,167
values_307,157
values_884,227
values_269,92
values_483,147
values_901,232
values_264,87
values_214,147
values_730,57
values_342,142
values_604,82
values_814,157
values_782,122
values_391,217
values_624,147
values_203,112
values_652,167
values_305,202
values_231,157
values_565,127
values_392,72
values_864,97
values_348,187
values_286,187
values_788,162
values_655,87
values_952,187
values_854,167
values_134,202
values_607,52
values_87,112
values_506,222
values_190,242
values_587,82
values_517,72
values_237,72
values_816,72
values_467,127
values_906,112
values_12,122
values_976,122
values_486,227
values_183,87
values_275,187
values_524,132
values_201,67
values_754,132
values_606,122
values_999,22
values_359,32
values_457,227
values_551,212
values_86,47
values_387,117
values_697,217
values_739,207
values_303,182
values_372,32
values_405,97
values_267,47
values_584,47
values_114,242
values_188,207
values_15,22
values_518,187
values_647,152
values_228,222
values_55,167
values_6,202
values_911,117
values_515,102
values_409,107
values_868,42
values_478,42
values_13,67
values_894,102
values_25,72
values_243,212
values_496,202
values_463,132
values_577,237
values_322,222
values_246,197
values_151,22
values_718,237
values_200,112
values_567,142
values_548,147
values_425,22
values_746,52
values_435,182
values_657,102
values_797,172
values_500,182
values_789,107
values_563,167
values_914,82
values_765,237
values_648,72
values_31,202
values_80,202
values_41,222
values_585,212
values_925,177
values_856,147
values_36,112
values_44,32
values_514,227
values_822,22
values_970,32
values_402,122
values_440,217
values_16,52
values_361,117
values_521,97
values_466,47
values_30,172
values_725,82
values_643,237
values_594,177
values_468,67
values_279,27
values_494,102
values_389,122
values_696,222
values_437,167
values_103,72
values_159,192
values_593,127
values_784,172
values_378,242
values_376,67
values_3,72
values_576,47
values_962,42
values_936,202
values_721,82
values_450,167
values_776,32
values_29,32
values_861,52
values_364,152
values_84,42
values_664,162
values_636,62
values_77,232
values_294,237
values_233,32
values_447,177
values_995,77
values_775,177
values_318,27
values_843,187
values_54,202
values_455,102
values_682,112
values_458,32
values_547,167
values_367,22
values_193,162
values_582,237
values_155,27
values_608,27
values_909,222
values_653,232
values_716,92
values_142,182
values_617,197
values_595,32
values_98,22
values_830,162
values_423,97
values_812,202
values_932,237
values_341,167
values_896,227
values_988,187
values_152,62
values_658,52
values_869,122
values_485,77
values_993,132
values_883,232
values_222,182
values_335,112
values_979,57
values_314,37
values_291,112
values_817,217
values_656,107
values_22,42
values_288,232
values_867,27
values_17,182
values_442,52
values_236,77
values_85,177
values_221,112
values_46,217
values_944,37
values_572,77
values_509,117
values_336,47
values_284,232
values_83,207
values_663,62
values_449,232
values_235,77
values_711,217
values_629,232
values_614,187
values_429,37
values_61,157
values_5,197
values_632,142
values_586,182
values_28,32
values_310,222
values_184,47
values_497,177
values_969,97
values_99,142
values_621,122
values_127,22
values_301,227
values_859,22
values_623,112
values_916,62
values_599,172
values_913,52
values_263,22
values_312,157
values_97,112
values_377,172
values_433,37
values_287,62
values_186,97
values_666,147
values_406,92
values_261,87
values_654,32
values_78,32
values_580,72
values_810,127
values_23,202
values_413,32
values_75,242
values_720,192
values_804,217
values_719,177
values_862,132
values_591,152
values_815,112
values_926,192
values_756,127
values_45,237
values_82,72
values_187,72
values_385,242
values_876,237
values_569,112
values_482,172
values_422,197
values_687,167
values_210,132
values_877,127
values_602,102
values_11,67
values_65,117
values_93,142
values_197,137
values_881,172
values_519,32
values_298,212
values_144,182
values_491,117
values_681,142
values_773,242
values_918,117
values_803,67
values_807,152
values_975,57
values_256,232
values_732,72
values_122,102
values_33,57
values_665,57
values_119,217
values_588,67
values_473,207
values_105,107
values_89,47
values_20,87
values_419,147
values_731,102
values_855,97
values_161,37
values_26,122
values_581,37
values_611,217
values_598,232
values_360,172
values_609,202
values_905,37
values_590,162
values_758,157
values_759,77
values_178,237
values_374,57
values_922,232
values_340,152
values_241,42
values_276,242
values_461,77
values_395,117
values_948,47
values_670,77
values_880,57
values_166,157
values_311,22
values_535,72
values_723,197
values_217,202
values_937,122
values_672,177
values_280,132
values_737,137
values_163,87
values_553,217
values_431,217
values_974,52
values_954,112
values_351,222
values_639,217
values_578,197
values_165,47
values_37,102
values_472,222
values_968,217
values_317,142
values_545,222
values_525,87
values_18,62
values_143,162
values_368,212
values_347,202
values_592,207
values_961,147
values_685,32
values_49,27
values_851,77
values_56,172
values_846,57
values_272,107
values_793,132
values_445,42
values_839,92
values_273,42
values_904,87
values_326,187
values_411,107
values_333,47
values_767,172
values_52,117
values_649,87
values_168,202
values_290,47
values_931,192
values_102,42
values_813,147
values_615,27
values_523,132
values_631,27
values_4,112
values_356,177
values_678,137
values_762,22
values_540,72
values_828,182
values_566,37
values_802,37
values_849,212
values_249,172
values_503,167
values_319,57
values_265,92
values_805,172
values_371,122
values_850,57
values_966,57
values_997,32
values_101,237
values_94,27
values_430,62
values_510,237
values_70,112
values_733,137
values_661,212
values_543,157
values_924,217
values_736,32
values_783,47
values_218,87
values_285,62
values_107,122
values_929,77
values_823,162
values_692,127
values_375,62
values_202,157
values_328,122
values_53,117
values_110,82
values_798,37
values_179,112
values_207,182
values_537,177
values_278,62
values_308,97
values_104,142
values_370,117
values_239,22
values_230,37
values_729,77
values_96,97
values_76,112
values_316,97
values_492,57
values_67,77
values_489,177
values_990,67
values_424,22
values_238,192
values_481,72
values_702,72
values_257,67
values_571,27
values_662,197
values_453,152
values_149,67
values_835,242
values_281,47
values_130,172
values_745,112
values_27,62
values_953,212
values_772,52
values_313,92
values_561,62
values_355,187
values_915,187
values_296,152
values_487,197
values_145,237
values_709,142
values_397,217
values_809,177
values_757,142
values_196,62
values_951,47
values_513,37
values_689,62
values_154,112
values_824,222
values_860,127
values_444,187
values_79,142
values_744,172
values_181,187
values_575,197
values_358,47
values_536,172
values_1,202
values_215,207
values_533,82
values_836,122
values_38,132
values_206,152
values_917,117
values_148,102
values_641,107
values_630,87
values_874,157
values_701,67
values_882,172
values_738,67
values_825,87
values_616,207
values_501,157
values_791,147
values_819,162
values_899,57
values_300,242
values_677,187
values_987,142
values_847,197
values_959,22
values_164,127
values_232,122
values_321,132
values_396,122
values_39,22
values_837,97
values_955,182
values_349,237
values_939,162
values_60,92
values_977,142
values_366,102
values_390,52
values_628,122
values_62,67
values_749,87
values_498,87
values_991,22
values_642,67
values_174,127
values_675,227
values_857,27
values_48,92
values_324,72
values_258,222
values_886,217
values_600,27
values_693,182
values_399,107
values_443,47
values_205,92
values_940,112
values_889,92
values_704,127
values_507,117
values_770,182
values_173,102
values_529,112
values_530,222
values_760,77
values_394,67
values_162,97
values_618,102
values_117,192
values_949,207
values_121,212
values_309,102
values_282,167
values_938,127
values_833,32
values_842,77
values_870,112
values_108,97
values_601,222
values_996,142
values_875,27
values_707,57
values_352,92
values_129,227
values_659,72
values_699,187
values_727,57
values_334,177
values_379,67
values_879,107
values_781,152
values_160,142
values_538,47
values_863,112
values_254,82
values_960,162
values_852,132
values_363,42
values_637,137
values_799,52
values_452,82
values_713,232
values_887,52
values_550,117
values_973,172
values_194,117
values_234,187
values_24,112
values_136,237
values_712,237
values_778,227
values_147,22
values_695,117
values_626,207
values_605,52
values_752,232
values_771,222
values_531,127
values_295,207
values_811,57
values_410,187
values_204,67
values_14,97
values_508,67
values_388,107
values_182,227
values_357,207
values_109,122
values_19,172
values_106,52
values_965,117
values_998,167
values_650,177
values_542,42
values_88,57
values_751,192
values_0,207
values_211,207
values_726,192
values_972,177
values_329,162
values_401,147
values_302,52
values_135,147
values_323,47
values_493,27
values_651,37
values_820,127
values_224,62
values_260,217
values_180,137
values_715,122
values_43,47
values_539,192
values_439,52
values_978,132
values_679,127
values_528,97
values_304,47
values_66,92
values_688,152
values_568,177
values_157,97
values_338,27
values_722,142
values_172,117
values_350,137
values_63,227
values_710,207
values_212,32
values_138,187
values_853,22
values_964,142
values_208,157
values_787,232
values_865,177
values_633,147
values_393,132
values_330,132
values_526,72
values_558,32
values_560,167
values_502,27
values_505,162
values_742,32
values_475,192
values_735,107
values_167,182
values_297,117
values_479,172
values_113,117
values_175,37
values_644,227
values_427,197
values_332,42
values_620,82
values_40,172
values_703,222
values_464,112
values_146,152
values_983,32
values_226,32
values_834,27
values_790,172
values_244,102
values_574,57
values_705,87
values_137,102
values_171,102
values_339,172
values_989,202
values_139,202
values_470,97
values_343,197
values_785,187
values_245,67
values_227,212
values_32,87
values_933,112
values_992,147
values_908,167
values_474,62
values_72,162
values_841,57
values_740,122
values_170,242
values_912,62
values_7,112
values_660,197
values_763,77
values_488,57
values_191,122
values_986,222
values_451,232
values_589,222
values_902,77
values_176,97
values_95,47
values_331,57
values_806,172
values_404,197
values_627,187
values_438,22
values_947,157
values_559,162
values_414,127
values_690,127
values_132,122
values_945,142
values_124,77
values_897,177
values_64,127
values_638,62
values_573,177
values_42,107
values_120,152
values_250,217
values_299,107
values_128,172
values_50,172
values_786,227
values_640,82
values_471,87
values_252,27
values_9,142
values_741,147
values_686,207
values_890,167
values_667,62
values_634,62
values_403,167
values_195,197
values_199,37
values_971,137
values_919,127
values_734,162
values_921,162
values_556,222
values_448,177
values_125,137
values_546,137
values_895,32
values_268,182
values_10,42
values_769,157
values_380,122
values_554,222
values_408,47
values_522,217
values_963,97
values_90,137
values_118,147
values_59,22
values_801,102
values_325,107
values_562,87
values_871,222
values_755,212
values_826,42
values_133,217
values_381,32
values_613,137
values_484,227
values_477,152
values_426,72
values_270,22
values_315,47
values_417,62
values_795,107
values_532,107
values_480,87
values_47,217
values_462,47
values_967,97
values_198,62
values_495,207
values_432,127
values_373,82
values_774,227
values_169,187
values_683,242
values_625,37
values_818,72
values_57,172
values_885,162
values_838,162
values_872,207
values_185,147
values_796,22
values_748,42
values_421,132
values_893,222
values_242,242
values_499,142
values_51,202
values_935,182
values_362,167
values_456,142
values_794,47
values_669,202
values_441,112
values_115,87
values_583,172
values_878,207
values_866,232
values_900,187
values_446,142
values_950,92
values_259,232
values_253,232
values_728,107
values_141,27
values_320,192
values_2,212
values_346,137
