values_150,24672
values_888,18192
values_956,22728
values_691,7176
values_344,22080
values_283,11064
values_717,14304
values_74,14304
values_21,16248
values_724,22080
values_994,32448
values_920,32448
values_229,33096
values_985,15600
values_603,35040
values_764,33096
values_69,14952
values_327,27912
values_840,31800
values_891,31152
values_398,20136
values_527,20784
values_873,22728
values_564,25968
values_383,22728
values_420,10416
values_779,19488
values_73,25320
values_706,6528
values_213,20784
values_289,31800
values_293,18192
values_219,16248
values_927,13656
values_111,17544
values_934,20784
values_907,7824
values_415,16248
values_984,27264
values_34,9120
values_800,32448
values_240,33744
values_903,21432
values_747,20136
values_92,9768
values_910,7176
values_216,19488
values_131,24672
values_622,28560
values_777,14952
values_698,20136
values_71,23376
values_274,14952
values_400,14952
values_549,31152
values_958,18192
values_743,7824
values_292,23376
values_557,27264
values_68,20136
values_534,11064
values_58,18840
values_645,14304
values_271,18840
values_892,7824
values_544,29856
values_459,7176
values_714,18840
values_418,7176
values_511,18840
values_941,35040
values_116,27912
values_476,30504
values_858,25320
values_345,22728
values_158,22728
values_277,12360
values_898,12360
values_123,33096
values_680,16248
values_946,16896
values_761,14952
values_382,26616
values_848,22080
values_832,19488
values_646,15600
values_516,8472
values_354,18192
values_780,7176
values_552,16896
values_541,14952
values_140,11712
values_684,12360
values_668,22728
values_266,18840
values_192,13656
values_177,35040
values_384,10416
values_112,32448
values_928,23376
values_676,8472
values_596,15600
values_753,18192
values_126,7824
values_220,11064
values_792,16896
values_635,24672
values_434,33096
values_671,7824
values_708,28560
values_189,14952
values_827,20784
values_337,23376
values_248,18192
values_520,8472
values_153,24672
values_416,11712
values_469,22080
values_353,15600
values_91,19488
values_35,24672
values_831,19488
values_942,30504
values_407,9768
values_412,8472
values_225,25968
values_223,24024
values_981,25320
values_428,9768
values_555,25968
values_100,25968
values_674,7824
values_369,27264
values_612,34392
values_673,31800
values_619,25320
values_504,9768
values_386,13656
values_209,25968
values_980,15600
values_262,32448
values_454,20784
values_943,32448
values_957,8472
values_579,20784
values_597,13656
values_255,34392
values_610,26616
values_808,18840
values_694,26616
values_436,13008
values_460,9120
values_923,10416
values_306,33744
values_365,25968
values_750,22080
values_490,16896
values_982,29856
values_766,8472
values_845,31152
values_821,17544
values_930,20784
values_465,30504
values_512,31152
values_8,9120
values_768,15600
values_700,27912
values_570,8472
values_247,30504
values_81,24024
values_251,11064
values_156,26616
values_829,18192
values_844,29208
values_307,29208
values_884,23376
values_269,20136
values_483,8472
values_901,33744
values_264,30504
values_214,30504
values_730,31800
values_342,33744
values_604,35040
values_814,20136
values_782,7824
values_391,30504
values_624,25968
values_203,33744
values_652,24672
values_305,27264
values_231,11712
values_565,6528
values_392,9768
values_864,20784
values_348,11064
values_286,29208
values_788,29208
values_655,27912
values_952,20784
values_854,12360
values_134,29208
values_607,27912
values_87,21432
values_506,9768
values_190,34392
values_587,25968
values_517,27912
values_237,13008
values_816,11064
values_467,27264
values_906,23376
values_12,9120
values_976,29208
values_486,9120
values_183,32448
values_275,25968
values_524,24024
values_201,24672
values_754,32448
values_606,18192
values_999,19488
values_359,24672
values_457,14952
values_551,11712
values_86,24672
values_387,22080
values_697,21432
values_739,10416
values_303,7824
values_372,31152
values_405,16896
values_267,14304
values_584,33096
values_114,35040
values_188,33096
values_15,10416
values_518,28560
values_647,33744
values_228,32448
values_55,20784
values_6,26616
values_911,9120
values_515,9768
values_409,18192
values_868,7824
values_478,18840
values_13,26616
values_894,14952
values_25,22728
values_243,30504
values_496,22728
values_463,16248
values_577,30504
values_322,25320
values_246,29856
values_151,8472
values_718,14952
values_200,13008
values_567,33744
values_548,24024
values_425,17544
values_746,31152
values_435,18192
values_657,32448
values_797,31152
values_500,31152
values_789,27264
values_563,35040
values_914,14952
values_765,7176
values_648,25968
values_31,14304
values_80,32448
values_41,34392
values_585,28560
values_925,27912
values_856,13656
values_36,7176
values_44,20136
values_514,14952
values_822,16248
values_970,9120
values_402,17544
values_440,23376
values_16,13008
values_361,10416
values_521,10416
values_466,8472
values_30,19488
values_725,22728
values_643,18840
values_594,18840
values_468,13656
values_279,15600
values_494,14952
values_389,6528
values_696,9120
values_437,31800
values_103,27264
values_159,27264
values_593,27264
values_784,29856
values_378,10416
values_376,7824
values_3,14304
values_576,33096
values_962,10416
values_936,28560
values_721,24672
values_450,21432
values_776,18192
values_29,33096
values_861,21432
values_364,29856
values_84,25320
values_664,9768
values_636,18192
values_77,31800
values_294,31152
values_233,35040
values_447,10416
values_995,20136
values_775,25968
values_318,31152
values_843,31800
values_54,20136
values_455,29856
values_682,22728
values_458,11064
values_547,20784
values_367,15600
values_193,20136
values_582,20136
values_155,27912
values_608,6528
values_909,20136
values_653,16248
values_716,19488
values_142,27264
values_617,17544
values_595,32448
values_98,8472
values_830,17544
values_423,12360
values_812,31152
values_932,8472
values_341,19488
values_896,21432
values_988,26616
values_152,17544
values_658,22728
values_869,16896
values_485,7176
values_993,25320
values_883,18840
values_222,31152
values_335,29856
values_979,19488
values_314,14952
values_291,17544
values_817,17544
values_656,18840
values_22,12360
values_288,9768
values_867,33744
values_17,26616
values_442,20136
values_236,17544
values_85,7824
values_221,28560
values_46,10416
values_944,23376
values_572,18840
values_509,25320
values_336,32448
values_284,20784
values_83,33096
values_663,35040
values_449,7824
values_235,8472
values_711,23376
values_629,33744
values_614,25968
values_429,21432
values_61,29856
values_5,11064
values_632,25320
values_586,20784
values_28,25968
values_310,24024
values_184,22728
values_497,30504
values_969,20136
values_99,34392
values_621,10416
values_127,29208
values_301,20784
values_859,24024
values_623,14304
values_916,12360
values_599,35040
values_913,9120
values_263,33096
values_312,14304
values_97,22080
values_377,25320
values_433,11712
values_287,25968
values_186,6528
values_666,16248
values_406,23376
values_261,23376
values_654,31800
values_78,25320
values_580,17544
values_810,13008
values_23,9120
values_413,13008
values_75,27264
values_720,29208
values_804,25968
values_719,18840
values_862,24024
values_591,20784
values_815,23376
values_926,33744
values_756,31152
values_45,9768
values_82,35040
values_187,25968
values_385,29856
values_876,34392
values_569,26616
values_482,7824
values_422,14952
values_687,33744
values_210,12360
values_877,15600
values_602,13656
values_11,25320
values_65,24672
values_93,34392
values_197,32448
values_881,16248
values_519,11064
values_298,16248
values_144,8472
values_491,6528
values_681,24672
values_773,7824
values_918,14304
values_803,17544
values_807,6528
values_975,18192
values_256,8472
values_732,29856
values_122,18192
values_33,22080
values_665,33096
values_119,34392
values_588,31800
values_473,33096
values_105,17544
values_89,27912
values_20,11712
values_419,34392
values_731,24672
values_855,17544
values_161,24672
values_26,6528
values_581,13656
values_611,10416
values_598,14952
values_360,33744
values_609,27912
values_905,7824
values_590,20784
values_758,20136
values_759,18840
values_178,24024
values_374,10416
values_922,24024
values_340,24024
values_241,11064
values_276,20136
values_461,8472
values_395,6528
values_948,16896
values_670,10416
values_880,14304
values_166,22728
values_311,16896
values_535,22728
values_723,10416
values_217,20136
values_937,14304
values_672,32448
values_280,11712
values_737,21432
values_163,9120
values_553,11712
values_431,17544
values_974,14952
values_954,20136
values_351,7176
values_639,20136
values_578,31152
values_165,22728
values_37,12360
values_472,32448
values_968,19488
values_317,27912
values_545,31800
values_525,8472
values_18,19488
values_143,25320
values_368,24672
values_347,27912
values_592,34392
values_961,8472
values_685,18192
values_49,27912
values_851,11712
values_56,20136
values_846,33744
values_272,33096
values_793,29856
values_445,8472
values_839,23376
values_273,19488
values_904,13656
values_326,19488
values_411,13656
values_333,10416
values_767,33096
values_52,16896
values_649,24024
values_168,33744
values_290,22080
values_931,14952
values_102,11064
values_813,30504
values_615,19488
values_523,32448
values_631,8472
values_4,9768
values_356,22728
values_678,6528
values_762,27264
values_540,14952
values_828,9120
values_566,8472
values_802,29856
values_849,17544
values_249,14304
values_503,16248
values_319,33744
values_265,30504
values_805,6528
values_371,13008
values_850,13008
values_966,27264
values_997,9120
values_101,29856
values_94,23376
values_430,27264
values_510,20784
values_70,24672
values_733,31152
values_661,24672
values_543,34392
values_924,33744
values_736,20784
values_783,25320
values_218,13008
values_285,17544
values_107,33744
values_929,22080
values_823,13656
values_692,33096
values_375,9768
values_202,24672
values_328,19488
values_53,31152
values_110,32448
values_798,29208
values_179,28560
values_207,16896
values_537,13008
values_278,27264
values_308,25320
values_104,16248
values_370,21432
values_239,13656
values_230,22080
values_729,12360
values_96,35040
values_76,9768
values_316,34392
values_492,30504
values_67,17544
values_489,22728
values_990,24024
values_424,16248
values_238,18192
values_481,15600
values_702,15600
values_257,35040
values_571,13008
values_662,28560
values_453,27264
values_149,9120
values_835,6528
values_281,25968
values_130,20784
values_745,8472
values_27,18840
values_953,13008
values_772,6528
values_313,6528
values_561,16896
values_355,8472
values_915,7824
values_296,11712
values_487,22080
values_145,31800
values_709,31800
values_397,14304
values_809,34392
values_757,17544
values_196,13656
values_951,16896
values_513,18840
values_689,27912
values_154,13656
values_824,18840
values_860,27264
values_444,16248
values_79,24672
values_744,7824
values_181,16248
values_575,24672
values_358,11712
values_536,29208
values_1,12360
values_215,25320
values_533,7176
values_836,12360
values_38,20136
values_206,14952
values_917,11712
values_148,29208
values_641,7176
values_630,11064
values_874,13008
values_701,15600
values_882,16896
values_738,21432
values_825,19488
values_616,9768
values_501,24024
values_791,29856
values_819,14304
values_899,27912
values_300,31800
values_677,24024
values_987,13008
values_847,13656
values_959,12360
values_164,11064
values_232,18840
values_321,18192
values_396,18840
values_39,11712
values_837,6528
values_955,29856
values_349,12360
values_939,16896
values_60,14304
values_977,7824
values_366,13656
values_390,9768
values_628,25968
values_62,23376
values_749,16896
values_498,15600
values_991,23376
values_642,18840
values_174,18192
values_675,23376
values_857,32448
values_48,31800
values_324,7176
values_258,27264
values_886,31800
values_600,25968
values_693,24024
values_399,22080
values_443,24024
values_205,13656
values_940,22080
values_889,23376
values_704,10416
values_507,19488
values_770,31800
values_173,25320
values_529,16896
values_530,28560
values_760,27264
values_394,31152
values_162,11712
values_618,18192
values_117,20136
values_949,26616
values_121,19488
values_309,16896
values_282,19488
values_938,13656
values_833,24024
values_842,22728
values_870,16896
values_108,21432
values_601,24024
values_996,8472
values_875,35040
values_707,29208
values_352,20136
values_129,20136
values_659,23376
values_699,13008
values_727,7176
values_334,33096
values_379,11064
values_879,8472
values_781,28560
values_160,16896
values_538,24672
values_863,8472
values_254,19488
values_960,11064
values_852,26616
values_363,31152
values_637,31800
values_799,24024
values_452,30504
values_713,18192
values_887,9768
values_550,13008
values_973,29208
values_194,31152
values_234,16248
values_24,21432
values_136,19488
values_712,12360
values_778,16896
values_147,25968
values_695,25968
values_626,14952
values_605,35040
values_752,34392
values_771,16248
values_531,30504
values_295,22728
values_811,29208
values_410,13656
values_204,28560
values_14,15600
values_508,24024
values_388,16896
values_182,23376
values_357,14304
values_109,29856
values_19,30504
values_106,13008
values_965,7824
values_998,25968
values_650,27912
values_542,20136
values_88,18840
values_751,19488
values_0,24672
values_211,7176
values_726,33096
values_972,14952
values_329,21432
values_401,13008
values_302,11064
values_135,24672
values_323,29208
values_493,27912
values_651,16896
values_820,28560
values_224,22080
values_260,6528
values_180,9768
values_715,33096
values_43,25320
values_539,9768
values_439,35040
values_978,29856
values_679,19488
values_528,29208
values_304,14952
values_66,25968
values_688,32448
values_568,32448
values_157,27264
values_338,29856
values_722,27264
values_172,27912
values_350,14952
values_63,29208
values_710,16248
values_212,33096
values_138,10416
values_853,10416
values_964,17544
values_208,34392
values_787,33096
values_865,12360
values_633,21432
values_393,16896
values_330,25320
values_526,35040
values_558,22728
values_560,25320
values_502,25968
values_505,20136
values_742,23376
values_475,18192
values_735,31800
values_167,16248
values_297,34392
values_479,31152
values_113,27912
values_175,15600
values_644,21432
values_427,31800
values_332,27912
values_620,9120
values_40,25968
values_703,15600
values_464,33744
values_146,19488
values_983,14304
values_226,27912
values_834,20136
values_790,13656
values_244,10416
values_574,25968
values_705,31800
values_137,25968
values_171,29856
values_339,14952
values_989,31800
values_139,14304
values_470,28560
values_343,25968
values_785,13008
values_245,20784
values_227,14952
values_32,33096
values_933,34392
values_992,28560
values_908,24672
values_474,30504
values_72,22080
values_841,25320
values_740,6528
values_170,9120
values_912,8472
values_7,30504
values_660,11064
values_763,24672
values_488,13008
values_191,31800
values_986,24024
values_451,20136
values_589,17544
values_902,28560
values_176,33096
values_95,11712
values_331,26616
values_806,9768
values_404,11712
values_627,16248
values_438,16248
values_947,22728
values_559,28560
values_414,22080
values_690,31800
values_132,11064
values_945,7824
values_124,13008
values_897,22728
values_64,14304
values_638,20136
values_573,22080
values_42,20784
values_120,25320
values_250,27912
values_299,33744
values_128,25968
values_50,13656
values_786,22728
values_640,18840
values_471,23376
values_252,33744
values_9,8472
values_741,25968
values_686,11712
values_890,25320
values_667,25320
values_634,32448
values_403,24024
values_195,11064
values_199,35040
values_971,16248
values_919,20136
values_734,9768
values_921,13008
values_556,31800
values_448,16896
values_125,34392
values_546,11064
values_895,33096
values_268,12360
values_10,12360
values_769,14304
values_380,21432
values_554,28560
values_408,16896
values_522,9120
values_963,24024
values_90,29856
values_118,12360
values_59,9768
values_801,24672
values_325,22728
values_562,6528
values_871,16896
values_755,26616
values_826,23376
values_133,10416
values_381,14304
values_613,32448
values_484,12360
values_477,16896
values_426,28560
values_270,32448
values_315,32448
values_417,16896
values_795,14952
values_532,11064
values_480,14304
values_47,24024
values_462,13656
values_967,27264
values_198,16248
values_495,11712
values_432,22728
values_373,16896
values_774,10416
values_169,7176
values_683,6528
values_625,33744
values_818,27912
values_57,19488
values_885,22728
values_838,13656
values_872,18840
values_185,9768
values_796,32448
values_748,31800
values_421,8472
values_893,13008
values_242,11064
values_499,29208
values_51,9768
values_935,24024
values_362,10416
values_456,28560
values_794,21432
values_669,10416
values_441,27912
values_115,14304
values_583,12360
values_878,21432
values_866,18192
values_900,14952
values_446,22080
values_950,33744
values_259,9120
values_253,14304
values_728,13656
values_141,10416
values_320,16896
values_2,18840
values_346,9120
