values_150,2486
values_888,307
values_956,1533
values_691,1068
values_344,3048
values_283,5250
values_717,2010
values_74,10662
values_21,15933
values_724,549
values_994,3027
values_920,5212
values_229,3205
values_985,5786
values_603,5106
values_764,1567
values_69,3538
values_327,1378
values_840,19147
values_891,19825
values_398,9385
values_527,11698
values_873,990
values_564,2405
values_383,970
values_420,2906
values_779,4608
values_73,190
values_706,9980
values_213,2920
values_289,879
values_293,12250
values_219,2685
values_927,129
values_111,8644
values_934,12125
values_907,4264
values_415,4050
values_984,1323
values_34,156
values_800,14595
values_240,16069
values_903,12584
values_747,6108
values_92,7997
values_910,75
values_216,4315
values_131,140
values_622,166
values_777,5987
values_698,4934
values_71,7123
values_274,15630
values_400,8111
values_549,7341
values_958,2671
values_743,201
values_292,4435
values_557,15015
values_68,4957
values_534,19684
values_58,13021
values_645,8310
values_271,5315
values_892,19193
values_544,16248
values_459,4584
values_714,654
values_418,11545
values_511,15646
values_941,1055
values_116,445
values_476,18311
values_858,15695
values_345,11013
values_158,638
values_277,12125
values_898,10464
values_123,4909
values_680,10688
values_946,37
values_761,6946
values_382,6691
values_848,11994
values_832,1168
values_646,546
values_516,11271
values_354,185
values_780,1367
values_552,2281
values_541,205
values_140,6490
values_684,3231
values_668,260
values_266,1018
values_192,11197
values_177,3612
values_384,2260
values_112,1597
values_928,1893
values_676,18342
values_596,524
values_753,6422
values_126,19837
values_220,18246
values_792,9451
values_635,2526
values_434,636
values_671,19390
values_708,12264
values_189,18750
values_827,268
values_337,8671
values_248,19441
values_520,7568
values_153,943
values_416,2579
values_469,6534
values_353,3936
values_91,16750
values_35,12828
values_831,8572
values_942,4186
values_407,14350
values_412,983
values_225,21435
values_223,6567
values_981,16537
values_428,18863
values_555,2849
values_100,9068
values_674,17923
values_369,8287
values_612,6863
values_673,6819
values_619,16146
values_504,15455
values_386,333
values_209,11586
values_980,715
values_262,20119
values_454,16639
values_943,836
values_957,8737
values_579,6370
values_597,21022
values_255,22285
values_610,21945
values_808,8357
values_694,14556
values_436,19613
values_460,10972
values_923,9040
values_306,19644
values_365,538
values_750,5059
values_490,17753
values_982,1476
values_766,1764
values_845,11513
values_821,16224
values_930,15843
values_465,12377
values_512,9232
values_8,8655
values_768,16136
values_700,10090
values_570,13767
values_247,10522
values_81,4917
values_251,19598
values_156,12063
values_829,17712
values_844,31
values_307,3222
values_884,551
values_269,297
values_483,4160
values_901,12673
values_264,4039
values_214,9826
values_730,13231
values_342,2529
values_604,12519
values_814,16394
values_782,9029
values_391,7852
values_624,5712
values_203,208
values_652,12254
values_305,11761
values_231,19266
values_565,3699
values_392,17120
values_864,16313
values_348,12071
values_286,3152
values_788,2889
values_655,19299
values_952,1664
values_854,2965
values_134,6952
values_607,1127
values_87,3400
values_506,13146
values_190,2781
values_587,13411
values_517,1732
values_237,2191
values_816,15072
values_467,12441
values_906,12467
values_12,5190
values_976,19168
values_486,763
values_183,20516
values_275,3740
values_524,1627
values_201,10014
values_754,5733
values_606,5117
values_999,6220
values_359,9399
values_457,4427
values_551,5457
values_86,19292
values_387,781
values_697,4357
values_739,1457
values_303,1394
values_372,4257
values_405,7925
values_267,3942
values_584,17855
values_114,192
values_188,2184
values_15,8375
values_518,4581
values_647,14966
values_228,4316
values_55,1145
values_6,15940
values_911,57
values_515,17669
values_409,11461
values_868,16703
values_478,1802
values_13,26
values_894,4144
values_25,1986
values_243,20058
values_496,16402
values_463,974
values_577,871
values_322,17714
values_246,3484
values_151,8374
values_718,2071
values_200,6488
values_567,360
values_548,13533
values_425,8978
values_746,8234
values_435,21164
values_657,7671
values_797,710
values_500,9455
values_789,35
values_563,10682
values_914,3469
values_765,2900
values_648,1092
values_31,15047
values_80,3026
values_41,3848
values_585,14321
values_925,4964
values_856,4205
values_36,14970
values_44,2074
values_514,138
values_822,18716
values_970,1772
values_402,3435
values_440,15766
values_16,6863
values_361,34
values_521,1825
values_466,53
values_30,2367
values_725,16889
values_643,783
values_594,15457
values_468,129
values_279,3707
values_494,14505
values_389,6768
values_696,2675
values_437,949
values_103,1783
values_159,826
values_593,15134
values_784,13514
values_378,428
values_376,994
values_3,7730
values_576,499
values_962,8703
values_936,99
values_721,2687
values_450,2202
values_776,296
values_29,11716
values_861,4484
values_364,2733
values_84,2630
values_664,1812
values_636,2017
values_77,308
values_294,13362
values_233,333
values_447,10674
values_995,5609
values_775,4041
values_318,12565
values_843,11654
values_54,1170
values_455,7339
values_682,5791
values_458,3504
values_547,169
values_367,7456
values_193,16388
values_582,20963
values_155,7417
values_608,1078
values_909,1208
values_653,19381
values_716,2622
values_142,6431
values_617,7230
values_595,14099
values_98,232
values_830,20008
values_423,3466
values_812,1927
values_932,5510
values_341,1060
values_896,5324
values_988,1059
values_152,1136
values_658,12573
values_869,6362
values_485,1019
values_993,3496
values_883,245
values_222,7096
values_335,1050
values_979,17034
values_314,144
values_291,10302
values_817,6552
values_656,3412
values_22,8088
values_288,8522
values_867,250
values_17,131
values_442,2446
values_236,299
values_85,8751
values_221,3567
values_46,15126
values_944,14836
values_572,8793
values_509,4200
values_336,21989
values_284,15481
values_83,14628
values_663,8188
values_449,14886
values_235,2076
values_711,14580
values_629,11242
values_614,9789
values_429,874
values_61,8247
values_5,325
values_632,5634
values_586,6977
values_28,8653
values_310,6392
values_184,242
values_497,5297
values_969,3762
values_99,1356
values_621,17498
values_127,4492
values_301,19186
values_859,8133
values_623,5848
values_916,3315
values_599,18239
values_913,8066
values_263,2066
values_312,16244
values_97,1468
values_377,19047
values_433,3526
values_287,8889
values_186,2727
values_666,13988
values_406,9458
values_261,9316
values_654,493
values_78,20
values_580,11790
values_810,17128
values_23,2518
values_413,114
values_75,4944
values_720,5132
values_804,13592
values_719,4322
values_862,12983
values_591,3309
values_815,16967
values_926,8109
values_756,17096
values_45,20088
values_82,1483
values_187,20183
values_385,2303
values_876,2383
values_569,1036
values_482,16722
values_422,10597
values_687,885
values_210,11486
values_877,12265
values_602,17111
values_11,2615
values_65,9994
values_93,13059
values_197,223
values_881,9087
values_519,1189
values_298,2868
values_144,16077
values_491,466
values_681,15083
values_773,4932
values_918,9464
values_803,7866
values_807,2453
values_975,9482
values_256,5751
values_732,18764
values_122,13756
values_33,3366
values_665,9607
values_119,6975
values_588,3698
values_473,15398
values_105,732
values_89,1293
values_20,19889
values_419,1859
values_731,2142
values_855,736
values_161,14966
values_26,372
values_581,12306
values_611,363
values_598,13109
values_360,6856
values_609,1272
values_905,445
values_590,8070
values_758,19454
values_759,7240
values_178,926
values_374,21044
values_922,5011
values_340,20
values_241,12076
values_276,15819
values_461,2584
values_395,11255
values_948,686
values_670,6853
values_880,3990
values_166,6410
values_311,1297
values_535,15557
values_723,20184
values_217,11524
values_937,18842
values_672,20972
values_280,2638
values_737,11545
values_163,576
values_553,2268
values_431,12567
values_974,216
values_954,1875
values_351,13841
values_639,3544
values_578,313
values_165,16514
values_37,9148
values_472,8059
values_968,10328
values_317,957
values_545,8791
values_525,5119
values_18,11258
values_143,226
values_368,2985
values_347,2854
values_592,8470
values_961,2200
values_685,955
values_49,6822
values_851,1543
values_56,17628
values_846,10572
values_272,713
values_793,6078
values_445,5179
values_839,1728
values_273,2936
values_904,10693
values_326,331
values_411,3499
values_333,1711
values_767,19988
values_52,6075
values_649,513
values_168,4185
values_290,12094
values_931,20651
values_102,5540
values_813,12253
values_615,6957
values_523,1879
values_631,1549
values_4,6082
values_356,7300
values_678,11017
values_762,3467
values_540,17
values_828,4048
values_566,279
values_802,122
values_849,11675
values_249,12101
values_503,4974
values_319,8267
values_265,20582
values_805,5748
values_371,932
values_850,1266
values_966,2345
values_997,107
values_101,369
values_94,3563
values_430,19866
values_510,8887
values_70,9592
values_733,1409
values_661,11150
values_543,67
values_924,6347
values_736,7203
values_783,1679
values_218,3710
values_285,4602
values_107,34
values_929,4168
values_823,931
values_692,5300
values_375,457
values_202,1634
values_328,15206
values_53,16737
values_110,4283
values_798,967
values_179,7881
values_207,881
values_537,5699
values_278,11925
values_308,2145
values_104,7815
values_370,464
values_239,19667
values_230,96
values_729,1486
values_96,1926
values_76,245
values_316,1097
values_492,9684
values_67,1291
values_489,3306
values_990,2423
values_424,6145
values_238,5458
values_481,821
values_702,3128
values_257,4957
values_571,4088
values_662,16195
values_453,7708
values_149,16741
values_835,14537
values_281,225
values_130,2296
values_745,134
values_27,13566
values_953,3464
values_772,1259
values_313,29
values_561,635
values_355,2572
values_915,4333
values_296,1742
values_487,8770
values_145,1027
values_709,5160
values_397,386
values_809,17
values_757,17
values_196,13350
values_951,321
values_513,1918
values_689,6452
values_154,11928
values_824,19467
values_860,7984
values_444,16444
values_79,4337
values_744,9929
values_181,5983
values_575,2008
values_358,1102
values_536,18675
values_1,13878
values_215,18137
values_533,3533
values_836,7022
values_38,3514
values_206,4131
values_917,9756
values_148,6029
values_641,4172
values_630,1284
values_874,3509
values_701,17973
values_882,3185
values_738,184
values_825,2714
values_616,2026
values_501,6500
values_791,1716
values_819,26
values_899,1581
values_300,3142
values_677,16947
values_987,569
values_847,6103
values_959,14249
values_164,9170
values_232,5143
values_321,1189
values_396,7637
values_39,6356
values_837,12259
values_955,16832
values_349,176
values_939,8124
values_60,1459
values_977,8129
values_366,13726
values_390,3750
values_628,1754
values_62,663
values_749,13932
values_498,10421
values_991,756
values_642,2665
values_174,7839
values_675,8539
values_857,957
values_48,20475
values_324,6815
values_258,1134
values_886,11902
values_600,17582
values_693,7203
values_399,104
values_443,14669
values_205,466
values_940,219
values_889,13041
values_704,13290
values_507,20960
values_770,3164
values_173,1746
values_529,1706
values_530,8254
values_760,842
values_394,19072
values_162,217
values_618,13143
values_117,17909
values_949,2304
values_121,6331
values_309,13905
values_282,10640
values_938,10560
values_833,642
values_842,142
values_870,16770
values_108,22420
values_601,14093
values_996,3239
values_875,11356
values_707,13219
values_352,7786
values_129,541
values_659,2219
values_699,18577
values_727,13116
values_334,340
values_379,7368
values_879,3680
values_781,14659
values_160,1277
values_538,8709
values_863,18838
values_254,2083
values_960,16108
values_852,8732
values_363,1588
values_637,5774
values_799,762
values_452,4836
values_713,1938
values_887,18694
values_550,11291
values_973,308
values_194,14598
values_234,1770
values_24,15684
values_136,191
values_712,94
values_778,1717
values_147,5521
values_695,2758
values_626,857
values_605,238
values_752,8990
values_771,9675
values_531,6184
values_295,13138
values_811,11341
values_410,1362
values_204,3238
values_14,533
values_508,1030
values_388,1982
values_182,9495
values_357,70
values_109,10871
values_19,9725
values_106,8058
values_965,17024
values_998,11548
values_650,249
values_542,7538
values_88,13094
values_751,1384
values_0,913
values_211,3475
values_726,37
values_972,235
values_329,17889
values_401,4569
values_302,9927
values_135,264
values_323,10682
values_493,6453
values_651,1332
values_820,17232
values_224,10722
values_260,14149
values_180,17
values_715,922
values_43,15417
values_539,10437
values_439,3177
values_978,18780
values_679,4326
values_528,4205
values_304,18766
values_66,267
values_688,994
values_568,6460
values_157,1152
values_338,7155
values_722,8634
values_172,2143
values_350,378
values_63,43
values_710,15218
values_212,60
values_138,26
values_853,7375
values_964,12296
values_208,4042
values_787,1794
values_865,3464
values_633,741
values_393,10425
values_330,105
values_526,3308
values_558,87
values_560,299
values_502,6105
values_505,19349
values_742,1590
values_475,8039
values_735,2218
values_167,272
values_297,17102
values_479,6009
values_113,6549
values_175,4818
values_644,21173
values_427,4451
values_332,1801
values_620,14359
values_40,18383
values_703,20847
values_464,14632
values_146,1683
values_983,14721
values_226,5485
values_834,3177
values_790,2240
values_244,5247
values_574,168
values_705,4374
values_137,152
values_171,3386
values_339,13914
values_989,16164
values_139,708
values_470,20033
values_343,2379
values_785,18293
values_245,13465
values_227,17037
values_32,8151
values_933,18162
values_992,5312
values_908,838
values_474,2277
values_72,212
values_841,596
values_740,16519
values_170,796
values_912,11028
values_7,8703
values_660,3279
values_763,9300
values_488,16304
values_191,11604
values_986,6161
values_451,3320
values_589,84
values_902,31
values_176,8561
values_95,4179
values_331,19181
values_806,7982
values_404,4333
values_627,1382
values_438,4060
values_947,5019
values_559,2455
values_414,18553
values_690,9573
values_132,13314
values_945,2983
values_124,17842
values_897,3398
values_64,15808
values_638,13905
values_573,14572
values_42,9139
values_120,5914
values_250,18054
values_299,6983
values_128,1376
values_50,2990
values_786,12896
values_640,1366
values_471,2319
values_252,14952
values_9,423
values_741,349
values_686,5045
values_890,8489
values_667,609
values_634,3557
values_403,6117
values_195,4227
values_199,207
values_971,10334
values_919,9423
values_734,6885
values_921,15109
values_556,1995
values_448,10725
values_125,2346
values_546,7750
values_895,4010
values_268,2048
values_10,5190
values_769,17171
values_380,4785
values_554,1246
values_408,3778
values_522,819
values_963,3414
values_90,59
values_118,3713
values_59,15700
values_801,6425
values_325,11238
values_562,6958
values_871,1541
values_755,3815
values_826,8481
values_133,11725
values_381,4341
values_613,8114
values_484,372
values_477,1537
values_426,9853
values_270,17805
values_315,1192
values_417,5090
values_795,354
values_532,1346
values_480,3089
values_47,887
values_462,45
values_967,5136
values_198,622
values_495,11195
values_432,4606
values_373,50
values_774,4931
values_169,4565
values_683,7914
values_625,14555
values_818,1972
values_57,26
values_885,4395
values_838,3057
values_872,5440
values_185,15340
values_796,3561
values_748,554
values_421,3021
values_893,8727
values_242,3788
values_499,6333
values_51,466
values_935,19003
values_362,16604
values_456,20360
values_794,4930
values_669,1488
values_441,19105
values_115,16807
values_583,3891
values_878,79
values_866,8866
values_900,11754
values_446,9063
values_950,2506
values_259,1341
values_253,761
values_728,17
values_141,2381
values_320,124
values_2,5182
values_346,12451
