values_150,22522
values_888,14352
values_956,5271
values_691,66738
values_344,37897
values_283,87083
values_717,76861
values_74,9784
values_21,56330
values_724,83136
values_994,67988
values_920,2889
values_229,12918
values_985,72178
values_603,38234
values_764,16107
values_69,18729
values_327,78075
values_840,50737
values_891,19556
values_398,72872
values_527,89289
values_873,45263
values_564,6675
values_383,88597
values_420,44826
values_779,24762
values_73,57481
values_706,70231
values_213,31050
values_289,12007
values_293,86950
values_219,59774
values_927,45108
values_111,55443
values_934,56736
values_907,35512
values_415,21200
values_984,2464
values_34,13258
values_800,30252
values_240,28716
values_903,77298
values_747,2898
values_92,65453
values_910,33288
values_216,71998
values_131,88352
values_622,4245
values_777,57441
values_698,72797
values_71,8220
values_274,78169
values_400,24544
values_549,35333
values_958,61770
values_743,64673
values_292,17202
values_557,49025
values_68,64790
values_534,87386
values_58,19346
values_645,28925
values_271,22993
values_892,13551
values_544,13727
values_459,88870
values_714,79035
values_418,89806
values_511,93691
values_941,82912
values_116,39954
values_476,14465
values_858,24443
values_345,52427
values_158,60957
values_277,58556
values_898,30997
values_123,3176
values_680,2073
values_946,1925
values_761,10165
values_382,18826
values_848,20774
values_832,36527
values_646,34812
values_516,9948
values_354,69610
values_780,64546
values_552,74344
values_541,59223
values_140,11730
values_684,3150
values_668,53304
values_266,49309
values_192,31050
values_177,75884
values_384,85599
values_112,77517
values_928,48108
values_676,21367
values_596,45088
values_753,34864
values_126,38520
values_220,19990
values_792,17786
values_635,76214
values_434,61587
values_671,4766
values_708,27699
values_189,70791
values_827,4653
values_337,27873
values_248,73500
values_520,55259
values_153,5535
values_416,54271
values_469,8820
values_353,50293
values_91,20877
values_35,7526
values_831,10774
values_942,73039
values_407,72961
values_412,75054
values_225,65330
values_223,47375
values_981,12328
values_428,5010
values_555,5883
values_100,65118
values_674,84603
values_369,2351
values_612,52562
values_673,71240
values_619,1331
values_504,24001
values_386,14561
values_209,47902
values_980,17842
values_262,63892
values_454,54251
values_943,65190
values_957,58619
values_579,68220
values_597,27368
values_255,77600
values_610,33980
values_808,55103
values_694,4479
values_436,62752
values_460,93266
values_923,6934
values_306,43301
values_365,47323
values_750,1305
values_490,22050
values_982,61221
values_766,51582
values_845,55958
values_821,3758
values_930,66610
values_465,26923
values_512,18201
values_8,32343
values_768,60623
values_700,11529
values_570,37585
values_247,80223
values_81,72385
values_251,77494
values_156,37860
values_829,21480
values_844,74424
values_307,82301
values_884,16194
values_269,82227
values_483,34163
values_901,8385
values_264,9106
values_214,60983
values_730,21061
values_342,71574
values_604,38783
values_814,20792
values_782,2924
values_391,14449
values_624,71250
values_203,29934
values_652,81246
values_305,56506
values_231,63961
values_565,40293
values_392,27014
values_864,66003
values_348,15152
values_286,37302
values_788,65141
values_655,72300
values_952,45152
values_854,70091
values_134,78850
values_607,14796
values_87,14883
values_506,12111
values_190,10242
values_587,67659
values_517,57959
values_237,45013
values_816,2255
values_467,83354
values_906,10306
values_12,24312
values_976,39703
values_486,87092
values_183,61567
values_275,78622
values_524,48984
values_201,53530
values_754,82951
values_606,59799
values_999,45871
values_359,45347
values_457,47587
values_551,6864
values_86,17966
values_387,83401
values_697,60971
values_739,51152
values_303,49763
values_372,10738
values_405,3584
values_267,30858
values_584,6744
values_114,13614
values_188,47320
values_15,6718
values_518,32729
values_647,37376
values_228,27318
values_55,51231
values_6,15030
values_911,44612
values_515,31757
values_409,85014
values_868,88646
values_478,3037
values_13,47445
values_894,38055
values_25,13743
values_243,85828
values_496,61758
values_463,46650
values_577,3881
values_322,14361
values_246,70876
values_151,17726
values_718,27293
values_200,3307
values_567,59789
values_548,34283
values_425,1366
values_746,81542
values_435,77845
values_657,87083
values_797,69944
values_500,13076
values_789,48797
values_563,78241
values_914,20312
values_765,58633
values_648,13701
values_31,11373
values_80,64155
values_41,18304
values_585,13485
values_925,53794
values_856,51292
values_36,12198
values_44,53367
values_514,66908
values_822,21617
values_970,37498
values_402,33535
values_440,15065
values_16,62385
values_361,61291
values_521,10104
values_466,37856
values_30,23263
values_725,5787
values_643,35959
values_594,59433
values_468,85067
values_279,38793
values_494,1088
values_389,53680
values_696,14275
values_437,2142
values_103,4132
values_159,32331
values_593,3845
values_784,68480
values_378,65675
values_376,4548
values_3,40028
values_576,25882
values_962,1149
values_936,7865
values_721,62113
values_450,16315
values_776,61342
values_29,21061
values_861,21897
values_364,58990
values_84,47014
values_664,82127
values_636,2481
values_77,56532
values_294,59678
values_233,62470
values_447,32757
values_995,72467
values_775,21705
values_318,26015
values_843,55532
values_54,88641
values_455,43343
values_682,79889
values_458,49393
values_547,3046
values_367,72798
values_193,49223
values_582,36463
values_155,39811
values_608,27091
values_909,85146
values_653,11452
values_716,16765
values_142,46127
values_617,18784
values_595,8646
values_98,29299
values_830,9836
values_423,32093
values_812,69074
values_932,26875
values_341,60387
values_896,9010
values_988,58692
values_152,27197
values_658,65735
values_869,69068
values_485,80647
values_993,41702
values_883,71503
values_222,80786
values_335,29725
values_979,51694
values_314,23862
values_291,50198
values_817,5175
values_656,2438
values_22,4176
values_288,3871
values_867,11651
values_17,38566
values_442,61487
values_236,27229
values_85,38409
values_221,60576
values_46,22294
values_944,45476
values_572,40428
values_509,18270
values_336,32551
values_284,62443
values_83,65921
values_663,26337
values_449,45069
values_235,23655
values_711,57000
values_629,2950
values_614,3906
values_429,4045
values_61,14507
values_5,51069
values_632,2803
values_586,61964
values_28,4966
values_310,37298
values_184,43380
values_497,29552
values_969,2568
values_99,84163
values_621,11069
values_127,32949
values_301,8637
values_859,12468
values_623,61942
values_916,68663
values_599,82082
values_913,57443
values_263,6222
values_312,21748
values_97,6170
values_377,84824
values_433,74014
values_287,19071
values_186,94053
values_666,33695
values_406,76203
values_261,15055
values_654,48483
values_78,4366
values_580,10009
values_810,10113
values_23,72993
values_413,85655
values_75,2924
values_720,7586
values_804,39003
values_719,42284
values_862,50356
values_591,72807
values_815,49448
values_926,34717
values_756,41370
values_45,80311
values_82,26838
values_187,2290
values_385,71037
values_876,18417
values_569,57242
values_482,11095
values_422,71864
values_687,24084
values_210,7854
values_877,64278
values_602,11242
values_11,31260
values_65,4609
values_93,52807
values_197,54260
values_881,87445
values_519,58387
values_298,55719
values_144,14268
values_491,68952
values_681,76121
values_773,6875
values_918,66389
values_803,10313
values_807,66150
values_975,11469
values_256,67071
values_732,46371
values_122,41852
values_33,4158
values_665,6630
values_119,4540
values_588,23489
values_473,15550
values_105,16134
values_89,84198
values_20,56877
values_419,24791
values_731,1305
values_855,21739
values_161,5561
values_26,59205
values_581,4010
values_611,72510
values_598,81803
values_360,5088
values_609,16271
values_905,83176
values_590,3498
values_758,14073
values_759,75454
values_178,21930
values_374,20801
values_922,19019
values_340,49475
values_241,31264
values_276,78176
values_461,35815
values_395,23106
values_948,82606
values_670,48601
values_880,73875
values_166,19062
values_311,51201
values_535,9801
values_723,34273
values_217,83048
values_937,3263
values_672,9913
values_280,12295
values_737,23097
values_163,85024
values_553,11408
values_431,89475
values_974,22540
values_954,42599
values_351,24971
values_639,32355
values_578,79729
values_165,17627
values_37,3011
values_472,73551
values_968,73203
values_317,55959
values_545,50371
values_525,13613
values_18,90607
values_143,2012
values_368,10635
values_347,49249
values_592,46497
values_961,83816
values_685,21802
values_49,83909
values_851,37807
values_56,9713
values_846,13856
values_272,55245
values_793,20921
values_445,1244
values_839,20296
values_273,74226
values_904,65726
values_326,77313
values_411,35526
values_333,9435
values_767,49076
values_52,18794
values_649,86774
values_168,85020
values_290,81017
values_931,76181
values_102,24025
values_813,79708
values_615,57315
values_523,30787
values_631,78680
values_4,21435
values_356,15898
values_678,45848
values_762,40757
values_540,8021
values_828,3845
values_566,4141
values_802,6482
values_849,21034
values_249,54218
values_503,7439
values_319,72343
values_265,18279
values_805,21357
values_371,35293
values_850,36717
values_966,2377
values_997,27534
values_101,35116
values_94,81976
values_430,4663
values_510,3923
values_70,73930
values_733,18557
values_661,16063
values_543,26131
values_924,3063
values_736,62948
values_783,29315
values_218,84041
values_285,49743
values_107,18618
values_929,41593
values_823,14274
values_692,28388
values_375,48705
values_202,69446
values_328,87463
values_53,18768
values_110,10400
values_798,16370
values_179,3819
values_207,2828
values_537,48432
values_278,2047
values_308,9801
values_104,47859
values_370,17757
values_239,29197
values_230,6527
values_729,81101
values_96,31000
values_76,53864
values_316,54131
values_492,81525
values_67,1088
values_489,3072
values_990,58698
values_424,42898
values_238,39121
values_481,8549
values_702,38124
values_257,38297
values_571,18028
values_662,30084
values_453,51260
values_149,58732
values_835,14648
values_281,48414
values_130,7151
values_745,20512
values_27,58842
values_953,75964
values_772,15580
values_313,7221
values_561,74275
values_355,20338
values_915,24225
values_296,87971
values_487,7933
values_145,16377
values_709,7014
values_397,1305
values_809,38474
values_757,68663
values_196,31817
values_951,16196
values_513,25177
values_689,59327
values_154,16506
values_824,12859
values_860,7230
values_444,31272
values_79,14893
values_744,10052
values_181,43411
values_575,45178
values_358,43160
values_536,13665
values_1,7500
values_215,61056
values_533,63182
values_836,56964
values_38,68552
values_206,76648
values_917,15664
values_148,23027
values_641,44215
values_630,39205
values_874,39269
values_701,26390
values_882,32195
values_738,65150
values_825,33521
values_616,74744
values_501,29176
values_791,8705
values_819,26496
values_899,14698
values_300,25882
values_677,40292
values_987,3967
values_847,81284
values_959,49863
values_164,10391
values_232,8175
values_321,81171
values_396,60466
values_39,26385
values_837,30507
values_955,60300
values_349,40059
values_939,82507
values_60,39679
values_977,33004
values_366,3037
values_390,51351
values_628,47813
values_62,15263
values_749,52070
values_498,72756
values_991,84929
values_642,13259
values_174,27770
values_675,7646
values_857,78376
values_48,4783
values_324,30628
values_258,54801
values_886,51228
values_600,41298
values_693,68662
values_399,26829
values_443,68652
values_205,95749
values_940,66533
values_889,69505
values_704,67706
values_507,42810
values_770,49283
values_173,3906
values_529,30643
values_530,79801
values_760,57046
values_394,55439
values_162,57570
values_618,54837
values_117,31609
values_949,5970
values_121,27044
values_309,71624
values_282,51810
values_938,21994
values_833,8115
values_842,60242
values_870,15585
values_108,91736
values_601,28202
values_996,5935
values_875,40060
values_707,65740
values_352,65449
values_129,67694
values_659,21617
values_699,18324
values_727,60418
values_334,5079
values_379,79060
values_879,81737
values_781,51938
values_160,37131
values_538,30237
values_863,84828
values_254,73705
values_960,7274
values_852,77756
values_363,10391
values_637,37063
values_799,49846
values_452,74662
values_713,2047
values_887,13675
values_550,62624
values_973,83465
values_194,51917
values_234,45312
values_24,11441
values_136,18669
values_712,55769
values_778,37544
values_147,83858
values_695,10027
values_626,34117
values_605,71381
values_752,47072
values_771,85085
values_531,7082
values_295,7195
values_811,41335
values_410,81864
values_204,61004
values_14,77130
values_508,72144
values_388,81170
values_182,22419
values_357,59053
values_109,61144
values_19,5497
values_106,66758
values_965,35110
values_998,17651
values_650,13318
values_542,16280
values_88,37864
values_751,41903
values_0,36524
values_211,47311
values_726,50589
values_972,60769
values_329,35845
values_401,7586
values_302,29530
values_135,64418
values_323,25500
values_493,22001
values_651,12431
values_820,60432
values_224,32485
values_260,7308
values_180,79158
values_715,7213
values_43,73069
values_539,22993
values_439,22932
values_978,7750
values_679,8533
values_528,67233
values_304,2925
values_66,48127
values_688,10191
values_568,33684
values_157,25807
values_338,20835
values_722,7881
values_172,39217
values_350,2655
values_63,57166
values_710,16586
values_212,51327
values_138,89552
values_853,20749
values_964,71867
values_208,59348
values_787,29281
values_865,55937
values_633,12042
values_393,6135
values_330,49396
values_526,8150
values_558,11554
values_560,50650
values_502,4367
values_505,89298
values_742,7385
values_475,9932
values_735,57501
values_167,52016
values_297,3463
values_479,8220
values_113,8046
values_175,31078
values_644,27679
values_427,43288
values_332,89389
values_620,14041
values_40,33649
values_703,50788
values_464,63919
values_146,60365
values_983,52387
values_226,24553
values_834,56377
values_790,9375
values_244,63000
values_574,34058
values_705,56035
values_137,39177
values_171,29021
values_339,9687
values_989,64941
values_139,15394
values_470,47162
values_343,22403
values_785,1088
values_245,34780
values_227,6882
values_32,13997
values_933,48129
values_992,7682
values_908,66926
values_474,27490
values_72,4419
values_841,7350
values_740,45645
values_170,36942
values_912,60267
values_7,64826
values_660,3758
values_763,44121
values_488,8098
values_191,54567
values_986,6657
values_451,78355
values_589,81133
values_902,45399
values_176,16403
values_95,39237
values_331,17105
values_806,42387
values_404,76219
values_627,10505
values_438,44256
values_947,76734
values_559,16081
values_414,83192
values_690,37644
values_132,26970
values_945,57040
values_124,90987
values_897,10113
values_64,59003
values_638,54911
values_573,32459
values_42,85371
values_120,48840
values_250,32371
values_299,77205
values_128,72204
values_50,64398
values_786,85530
values_640,34389
values_471,34324
values_252,81105
values_9,77722
values_741,28118
values_686,57691
values_890,75460
values_667,48519
values_634,4141
values_403,7576
values_195,3002
values_199,60936
values_971,23868
values_919,3472
values_734,2134
values_921,63842
values_556,71154
values_448,3402
values_125,3150
values_546,20226
values_895,6875
values_268,80473
values_10,6161
values_769,35737
values_380,81909
values_554,32572
values_408,70944
values_522,58051
values_963,16228
values_90,64593
values_118,3463
values_59,4992
values_801,7509
values_325,5062
values_562,3758
values_871,56418
values_755,37381
values_826,56358
values_133,52640
values_381,17420
values_613,10209
values_484,20173
values_477,36948
values_426,9114
values_270,85795
values_315,7160
values_417,38877
values_795,18166
values_532,79692
values_480,51907
values_47,87267
values_462,33173
values_967,8959
values_198,24574
values_495,9340
values_432,52675
values_373,6100
values_774,4002
values_169,66328
values_683,30277
values_625,22880
values_818,49566
values_57,27327
values_885,28740
values_838,1149
values_872,44117
values_185,56221
values_796,20712
values_748,64642
values_421,60532
values_893,6805
values_242,62774
values_499,64798
values_51,82520
values_935,23445
values_362,21792
values_456,63761
values_794,50590
values_669,34794
values_441,33300
values_115,18087
values_583,4966
values_878,14919
values_866,80723
values_900,3411
values_446,68031
values_950,36103
values_259,16899
values_253,60897
values_728,63699
values_141,15819
values_320,22307
values_2,29532
values_346,4783
