values_150,5511
values_888,2845
values_956,1811
values_691,5226
values_344,5773
values_283,4809
values_717,3606
values_74,2297
values_21,80
values_724,103
values_994,1263
values_920,355
values_229,3187
values_985,3547
values_603,4252
values_764,2322
values_69,387
values_327,655
values_840,747
values_891,3261
values_398,84
values_527,244
values_873,2829
values_564,3946
values_383,4655
values_420,4529
values_779,3411
values_73,3064
values_706,5650
values_213,4432
values_289,1487
values_293,1183
values_219,1841
values_927,3948
values_111,435
values_934,5071
values_907,1019
values_415,4142
values_984,1482
values_34,2215
values_800,165
values_240,3743
values_903,4612
values_747,2953
values_92,4555
values_910,5544
values_216,5854
values_131,2595
values_622,1538
values_777,2411
values_698,5154
values_71,911
values_274,2432
values_400,559
values_549,4410
values_958,68
values_743,835
values_292,3415
values_557,72
values_68,2747
values_534,3251
values_58,227
values_645,1411
values_271,264
values_892,1716
values_544,5744
values_459,4621
values_714,4532
values_418,1363
values_511,4977
values_941,2095
values_116,5178
values_476,3208
values_858,2439
values_345,2278
values_158,4130
values_277,3711
values_898,4449
values_123,4070
values_680,6244
values_946,3617
values_761,1749
values_382,5494
values_848,1043
values_832,6168
values_646,399
values_516,2110
values_354,5518
values_780,3897
values_552,98
values_541,1475
values_140,1055
values_684,3558
values_668,5004
values_266,815
values_192,226
values_177,3659
values_384,4910
values_112,887
values_928,1563
values_676,4576
values_596,1573
values_753,2997
values_126,4033
values_220,4534
values_792,5834
values_635,6262
values_434,2249
values_671,3672
values_708,6078
values_189,4032
values_827,2503
values_337,343
values_248,999
values_520,4242
values_153,2822
values_416,4029
values_469,3251
values_353,1411
values_91,783
values_35,1267
values_831,2644
values_942,2318
values_407,1853
values_412,1638
values_225,4854
values_223,3109
values_981,5269
values_428,959
values_555,4224
values_100,5309
values_674,1664
values_369,5073
values_612,5057
values_673,4822
values_619,731
values_504,3744
values_386,4132
values_209,4138
values_980,1912
values_262,1183
values_454,4468
values_943,5606
values_957,871
values_579,4628
values_597,5863
values_255,4439
values_610,2625
values_808,3922
values_694,647
values_436,68
values_460,1435
values_923,111
values_306,3336
values_365,771
values_750,835
values_490,1031
values_982,46
values_766,2560
values_845,2772
values_821,1748
values_930,144
values_465,1375
values_512,3947
values_8,5283
values_768,5637
values_700,4546
values_570,5081
values_247,5725
values_81,947
values_251,1195
values_156,827
values_829,5958
values_844,835
values_307,3299
values_884,4119
values_269,1043
values_483,223
values_901,5272
values_264,399
values_214,4852
values_730,2580
values_342,1243
values_604,4305
values_814,2479
values_782,2619
values_391,3411
values_624,347
values_203,2394
values_652,2356
values_305,4878
values_231,4807
values_565,3563
values_392,5395
values_864,1788
values_348,5393
values_286,4155
values_788,1027
values_655,5337
values_952,3957
values_854,5644
values_134,3890
values_607,3753
values_87,3491
values_506,703
values_190,5887
values_587,3129
values_517,575
values_237,4909
values_816,407
values_467,123
values_906,276
values_12,795
values_976,819
values_486,5034
values_183,46
values_275,607
values_524,627
values_201,50
values_754,3141
values_606,5137
values_999,611
values_359,5777
values_457,2770
values_551,5190
values_86,4251
values_387,4514
values_697,2047
values_739,5536
values_303,1087
values_372,4192
values_405,2019
values_267,4254
values_584,3239
values_114,3590
values_188,1367
values_15,1303
values_518,1363
values_647,407
values_228,4709
values_55,2471
values_6,1514
values_911,4726
values_515,675
values_409,379
values_868,4942
values_478,1984
values_13,891
values_894,4114
values_25,5779
values_243,243
values_496,5705
values_463,1335
values_577,1167
values_322,3070
values_246,3818
values_151,2871
values_718,2729
values_200,90
values_567,959
values_548,5784
values_425,1789
values_746,4649
values_435,3687
values_657,235
values_797,1527
values_500,3573
values_789,5065
values_563,2334
values_914,3121
values_765,2956
values_648,5896
values_31,1619
values_80,643
values_41,1537
values_585,4445
values_925,911
values_856,46
values_36,831
values_44,2837
values_514,1299
values_822,4720
values_970,80
values_402,2404
values_440,42
values_16,1135
values_361,5530
values_521,4336
values_466,115
values_30,1914
values_725,2195
values_643,5888
values_594,3712
values_468,4722
values_279,2423
values_494,6078
values_389,3959
values_696,4450
values_437,1851
values_103,3957
values_159,895
values_593,1596
values_784,5908
values_378,3627
values_376,6103
values_3,4527
values_576,4297
values_962,2301
values_936,1067
values_721,252
values_450,28
values_776,4988
values_29,3480
values_861,5617
values_364,5669
values_84,3161
values_664,5148
values_636,3417
values_77,3502
values_294,2450
values_233,643
values_447,4286
values_995,1071
values_775,5544
values_318,5312
values_843,4543
values_54,4399
values_455,2543
values_682,1872
values_458,127
values_547,1235
values_367,6144
values_193,2379
values_582,5359
values_155,4125
values_608,3083
values_909,3041
values_653,479
values_716,359
values_142,2035
values_617,281
values_595,32
values_98,2574
values_830,2009
values_423,335
values_812,5610
values_932,4408
values_341,4685
values_896,527
values_988,5952
values_152,1642
values_658,4466
values_869,2567
values_485,1279
values_993,3602
values_883,1255
values_222,2408
values_335,1984
values_979,3518
values_314,1091
values_291,719
values_817,1940
values_656,2820
values_22,3916
values_288,455
values_867,1067
values_17,983
values_442,2236
values_236,2787
values_85,206
values_221,42
values_46,2432
values_944,1183
values_572,567
values_509,375
values_336,475
values_284,1475
values_83,911
values_663,1103
values_449,2292
values_235,1207
values_711,252
values_629,3058
values_614,1958
values_429,4573
values_61,5121
values_5,4513
values_632,4338
values_586,3046
values_28,3494
values_310,3465
values_184,1906
values_497,1735
values_969,2015
values_99,2106
values_621,5645
values_127,711
values_301,206
values_859,5336
values_623,222
values_916,3276
values_599,2038
values_913,1569
values_263,4322
values_312,5104
values_97,46
values_377,4338
values_433,5071
values_287,419
values_186,2732
values_666,1407
values_406,255
values_261,527
values_654,115
values_78,3180
values_580,879
values_810,2706
values_23,50
values_413,539
values_75,3343
values_720,1339
values_804,5293
values_719,3566
values_862,363
values_591,5968
values_815,759
values_926,1552
values_756,4534
values_45,6026
values_82,2178
values_187,4559
values_385,4933
values_876,1944
values_569,5507
values_482,5163
values_422,1099
values_687,5928
values_210,659
values_877,3094
values_602,5497
values_11,2396
values_65,1359
values_93,1035
values_197,1155
values_881,3945
values_519,4062
values_298,2052
values_144,5958
values_491,2711
values_681,6004
values_773,4933
values_918,2039
values_803,4371
values_807,1514
values_975,3850
values_256,5760
values_732,5491
values_122,4926
values_33,136
values_665,515
values_119,6060
values_588,1071
values_473,5802
values_105,3914
values_89,3764
values_20,2075
values_419,2157
values_731,2752
values_855,427
values_161,5876
values_26,3635
values_581,2016
values_611,763
values_598,2473
values_360,102
values_609,1095
values_905,1687
values_590,6087
values_758,2085
values_759,555
values_178,5547
values_374,3256
values_922,28
values_340,5372
values_241,2797
values_276,5673
values_461,5194
values_395,3026
values_948,2192
values_670,407
values_880,775
values_166,173
values_311,5816
values_535,3818
values_723,319
values_217,915
values_937,4179
values_672,895
values_280,2990
values_737,3989
values_163,1007
values_553,42
values_431,4258
values_974,5269
values_954,431
values_351,3009
values_639,3106
values_578,3151
values_165,4006
values_37,1351
values_472,1151
values_968,1989
values_317,2039
values_545,2510
values_525,3025
values_18,2783
values_143,2183
values_368,915
values_347,2906
values_592,4873
values_961,2807
values_685,5614
values_49,6130
values_851,2083
values_56,5410
values_846,2813
values_272,423
values_793,5992
values_445,272
values_839,2067
values_273,2583
values_904,5872
values_326,1832
values_411,4725
values_333,5465
values_767,3389
values_52,399
values_649,503
values_168,5246
values_290,2332
values_931,2656
values_102,32
values_813,915
values_615,42
values_523,4204
values_631,5501
values_4,895
values_356,2953
values_678,2000
values_762,1399
values_540,1507
values_828,1586
values_566,3788
values_802,1959
values_849,72
values_249,2844
values_503,5049
values_319,2365
values_265,2463
values_805,264
values_371,5517
values_850,2137
values_966,3018
values_997,343
values_101,5637
values_94,6036
values_430,293
values_510,4574
values_70,3952
values_733,499
values_661,4853
values_543,2532
values_924,1913
values_736,2861
values_783,80
values_218,3527
values_285,1371
values_107,751
values_929,4745
values_823,4698
values_692,2647
values_375,1223
values_202,2954
values_328,4469
values_53,3375
values_110,1899
values_798,90
values_179,3702
values_207,5168
values_537,4763
values_278,3443
values_308,931
values_104,5935
values_370,683
values_239,1075
values_230,915
values_729,739
values_96,342
values_76,535
values_316,3012
values_492,5636
values_67,5482
values_489,2716
values_990,3578
values_424,1067
values_238,3702
values_481,2255
values_702,2101
values_257,251
values_571,871
values_662,647
values_453,4868
values_149,3472
values_835,3789
values_281,1043
values_130,2043
values_745,5210
values_27,5053
values_953,767
values_772,3366
values_313,231
values_561,2196
values_355,6346
values_915,4672
values_296,4855
values_487,5408
values_145,619
values_709,3602
values_397,5288
values_809,2316
values_757,5936
values_196,2086
values_951,979
values_513,1363
values_689,3296
values_154,4093
values_824,423
values_860,334
values_444,3910
values_79,4128
values_744,2409
values_181,1495
values_575,1714
values_358,1680
values_536,2313
values_1,6051
values_215,503
values_533,6052
values_836,5795
values_38,787
values_206,4660
values_917,1834
values_148,2072
values_641,2585
values_630,5255
values_874,2522
values_701,2398
values_882,1395
values_738,495
values_825,4148
values_616,2392
values_501,4725
values_791,2655
values_819,111
values_899,1147
values_300,4052
values_677,2852
values_987,1498
values_847,2773
values_959,2871
values_164,835
values_232,4731
values_321,2542
values_396,318
values_39,5542
values_837,1640
values_955,5103
values_349,5572
values_939,4864
values_60,4716
values_977,871
values_366,4369
values_390,260
values_628,3361
values_62,4694
values_749,1763
values_498,1805
values_991,5163
values_642,6018
values_174,4586
values_675,5817
values_857,5233
values_48,2861
values_324,1814
values_258,3335
values_886,4171
values_600,1219
values_693,3088
values_399,463
values_443,1691
values_205,2039
values_940,707
values_889,227
values_704,963
values_507,947
values_770,4638
values_173,5830
values_529,3016
values_530,4368
values_760,779
values_394,269
values_162,343
values_618,277
values_117,4304
values_949,5842
values_121,4752
values_309,4351
values_282,719
values_938,3535
values_833,1055
values_842,3561
values_870,4573
values_108,3774
values_601,4199
values_996,3851
values_875,451
values_707,202
values_352,3805
values_129,1339
values_659,94
values_699,2015
values_727,3252
values_334,2898
values_379,3261
values_879,5563
values_781,156
values_160,3725
values_538,779
values_863,4008
values_254,28
values_960,6168
values_852,4819
values_363,359
values_637,4220
values_799,2601
values_452,859
values_713,3868
values_887,5724
values_550,144
values_973,2905
values_194,575
values_234,4217
values_24,1135
values_136,1905
values_712,3032
values_778,447
values_147,2519
values_695,4140
values_626,4295
values_605,3396
values_752,4858
values_771,94
values_531,4354
values_295,1597
values_811,3726
values_410,2680
values_204,4442
values_14,173
values_508,5351
values_388,991
values_182,4053
values_357,4165
values_109,72
values_19,2536
values_106,3817
values_965,5456
values_998,5816
values_650,1988
values_542,5594
values_88,2087
values_751,2614
values_0,4090
values_211,6070
values_726,5660
values_972,4545
values_329,471
values_401,3383
values_302,239
values_135,1003
values_323,5038
values_493,2317
values_651,111
values_820,3895
values_224,5870
values_260,3785
values_180,4564
values_715,5505
values_43,1602
values_539,3217
values_439,198
values_978,5347
values_679,3820
values_528,3823
values_304,4092
values_66,2580
values_688,5644
values_568,4299
values_157,173
values_338,6246
values_722,5173
values_172,455
values_350,2829
values_63,6003
values_710,186
values_212,4077
values_138,3224
values_853,2460
values_964,6056
values_208,119
values_787,76
values_865,1255
values_633,5854
values_393,98
values_330,2804
values_526,2173
values_558,2292
values_560,1359
values_502,28
values_505,771
values_742,4559
values_475,3910
values_735,1075
values_167,1553
values_297,6056
values_479,2301
values_113,1003
values_175,5725
values_644,177
values_427,5873
values_332,3596
values_620,4846
values_40,2760
values_703,867
values_464,1614
values_146,515
values_983,1649
values_226,211
values_834,1639
values_790,68
values_244,1235
values_574,551
values_705,1598
values_137,3126
values_171,2946
values_339,4655
values_989,251
values_139,302
values_470,2568
values_343,4913
values_785,42
values_245,5029
values_227,1832
values_32,2173
values_933,2814
values_992,5827
values_908,5980
values_474,5559
values_72,4642
values_841,4199
values_740,1494
values_170,4401
values_912,927
values_7,959
values_660,4698
values_763,819
values_488,4334
values_191,5419
values_986,1538
values_451,1964
values_589,3728
values_902,3697
values_176,2315
values_95,3556
values_331,3472
values_806,4744
values_404,3028
values_627,1698
values_438,227
values_947,2035
values_559,4073
values_414,1359
values_690,1967
values_132,4231
values_945,2486
values_124,1147
values_897,1331
values_64,107
values_638,1746
values_573,867
values_42,5045
values_120,2632
values_250,152
values_299,4287
values_128,5398
values_50,5176
values_786,2742
values_640,76
values_471,4364
values_252,6066
values_9,3553
values_741,5789
values_686,3667
values_890,144
values_667,3425
values_634,5398
values_403,795
values_195,835
values_199,2373
values_971,711
values_919,3867
values_734,871
values_921,5924
values_556,999
values_448,2427
values_125,411
values_546,1299
values_895,1103
values_268,555
values_10,2429
values_769,4197
values_380,5664
values_554,202
values_408,359
values_522,5433
values_963,611
values_90,3038
values_118,4119
values_59,1011
values_801,3686
values_325,811
values_562,459
values_871,4589
values_755,3917
values_826,5781
values_133,252
values_381,1701
values_613,2197
values_484,439
values_477,5145
values_426,5761
values_270,5892
values_315,791
values_417,3727
values_795,5051
values_532,4436
values_480,1083
values_47,3538
values_462,32
values_967,727
values_198,5401
values_495,3893
values_432,6482
values_373,751
values_774,2701
values_169,206
values_683,4249
values_625,855
values_818,260
values_57,3894
values_885,3233
values_838,1123
values_872,4142
values_185,2599
values_796,1379
values_748,3061
values_421,4863
values_893,3435
values_242,6134
values_499,1633
values_51,5779
values_935,5663
values_362,4915
values_456,240
values_794,3426
values_669,719
values_441,4318
values_115,2959
values_583,1259
values_878,4135
values_866,1958
values_900,863
values_446,3362
values_950,1624
values_259,2360
values_253,1239
values_728,991
values_141,243
values_320,1442
values_2,5242
values_346,2409
