values_150,754
values_888,966
values_956,1390
values_691,1390
values_344,1178
values_283,1602
values_717,1602
values_74,1178
values_21,1814
values_724,1178
values_994,754
values_920,754
values_229,1178
values_985,1390
values_603,1178
values_764,1178
values_69,1814
values_327,1178
values_840,1814
values_891,1602
values_398,1178
values_527,754
values_873,1602
values_564,754
values_383,1602
values_420,1814
values_779,1390
values_73,966
values_706,1814
values_213,1602
values_289,1390
values_293,1390
values_219,754
values_927,1390
values_111,966
values_934,1602
values_907,1390
values_415,1814
values_984,1602
values_34,330
values_800,542
values_240,1814
values_903,1178
values_747,966
values_92,1390
values_910,1814
values_216,1178
values_131,542
values_622,542
values_777,1390
values_698,966
values_71,1390
values_274,1178
values_400,1390
values_549,1602
values_958,1178
values_743,1390
values_292,542
values_557,1602
values_68,1814
values_534,1390
values_58,754
values_645,1814
values_271,330
values_892,754
values_544,754
values_459,1602
values_714,1390
values_418,966
values_511,542
values_941,966
values_116,1178
values_476,966
values_858,1390
values_345,966
values_158,1814
values_277,1178
values_898,1178
values_123,330
values_680,1814
values_946,1814
values_761,1178
values_382,1602
values_848,1602
values_832,1390
values_646,1390
values_516,754
values_354,1814
values_780,1814
values_552,754
values_541,1602
values_140,1178
values_684,1390
values_668,1178
values_266,1390
values_192,966
values_177,1178
values_384,1602
values_112,542
values_928,542
values_676,1178
values_596,542
values_753,299
values_126,330
values_220,1178
values_792,1814
values_635,299
values_434,1602
values_671,1178
values_708,1390
values_189,1390
values_827,542
values_337,1390
values_248,1814
values_520,1390
values_153,1390
values_416,966
values_469,1814
values_353,1178
values_91,542
values_35,966
values_831,1814
values_942,1602
values_407,1390
values_412,754
values_225,1602
values_223,1602
values_981,1602
values_428,1602
values_555,1814
values_100,754
values_674,1390
values_369,1390
values_612,754
values_673,1814
values_619,1602
values_504,542
values_386,1390
values_209,1814
values_980,754
values_262,1178
values_454,1602
values_943,966
values_957,1814
values_579,1390
values_597,1602
values_255,1390
values_610,1814
values_808,1178
values_694,1390
values_436,1602
values_460,1602
values_923,1602
values_306,1602
values_365,330
values_750,754
values_490,1390
values_982,1178
values_766,754
values_845,1602
values_821,1602
values_930,1602
values_465,1602
values_512,1178
values_8,1814
values_768,1178
values_700,1390
values_570,542
values_247,1602
values_81,1602
values_251,1602
values_156,1814
values_829,542
values_844,1602
values_307,1602
values_884,1390
values_269,1814
values_483,1178
values_901,1178
values_264,754
values_214,754
values_730,542
values_342,1814
values_604,1814
values_814,754
values_782,1390
values_391,1390
values_624,1602
values_203,1178
values_652,1814
values_305,330
values_231,1602
values_565,1390
values_392,1390
values_864,754
values_348,1390
values_286,1178
values_788,1602
values_655,1390
values_952,1390
values_854,966
values_134,1602
values_607,754
values_87,1390
values_506,1390
values_190,1602
values_587,754
values_517,1602
values_237,1390
values_816,1390
values_467,1602
values_906,1390
values_12,1390
values_976,1814
values_486,1390
values_183,1390
values_275,1602
values_524,754
values_201,1178
values_754,1390
values_606,1390
values_999,966
values_359,1602
values_457,1390
values_551,1602
values_86,1178
values_387,754
values_697,1178
values_739,1390
values_303,1178
values_372,542
values_405,1390
values_267,1390
values_584,1602
values_114,1178
values_188,966
values_15,1178
values_518,1602
values_647,1602
values_228,966
values_55,1390
values_6,1602
values_911,1814
values_515,754
values_409,1814
values_868,1178
values_478,1602
values_13,1178
values_894,1602
values_25,1178
values_243,1390
values_496,1178
values_463,754
values_577,966
values_322,1178
values_246,966
values_151,754
values_718,966
values_200,1602
values_567,1390
values_548,966
values_425,1178
values_746,1178
values_435,1390
values_657,1602
values_797,1814
values_500,754
values_789,1178
values_563,1178
values_914,1390
values_765,1390
values_648,1602
values_31,1390
values_80,542
values_41,966
values_585,754
values_925,1814
values_856,542
values_36,1814
values_44,1390
values_514,1178
values_822,1390
values_970,1814
values_402,1390
values_440,1602
values_16,1390
values_361,1814
values_521,1390
values_466,1814
values_30,1602
values_725,754
values_643,1390
values_594,1814
values_468,1814
values_279,1390
values_494,1390
values_389,1178
values_696,1390
values_437,1602
values_103,754
values_159,1178
values_593,966
values_784,966
values_378,299
values_376,1178
values_3,754
values_576,1178
values_962,1814
values_936,1178
values_721,966
values_450,1390
values_776,1602
values_29,1390
values_861,1178
values_364,754
values_84,1814
values_664,1178
values_636,1178
values_77,1390
values_294,330
values_233,754
values_447,1390
values_995,1178
values_775,1178
values_318,1602
values_843,1814
values_54,1178
values_455,754
values_682,754
values_458,1178
values_547,1602
values_367,1390
values_193,1390
values_582,1602
values_155,1390
values_608,1390
values_909,1814
values_653,754
values_716,966
values_142,966
values_617,1602
values_595,1814
values_98,1602
values_830,1178
values_423,1178
values_812,1390
values_932,966
values_341,1814
values_896,966
values_988,1602
values_152,966
values_658,1178
values_869,1178
values_485,754
values_993,1390
values_883,1390
values_222,966
values_335,1602
values_979,1602
values_314,1602
values_291,1178
values_817,1602
values_656,1178
values_22,1814
values_288,1602
values_867,1390
values_17,966
values_442,1814
values_236,1390
values_85,1814
values_221,1390
values_46,1602
values_944,1178
values_572,754
values_509,966
values_336,966
values_284,1602
values_83,1814
values_663,1390
values_449,1814
values_235,754
values_711,1178
values_629,1390
values_614,754
values_429,330
values_61,1390
values_5,966
values_632,966
values_586,754
values_28,1602
values_310,1390
values_184,754
values_497,542
values_969,1602
values_99,1178
values_621,966
values_127,754
values_301,1602
values_859,966
values_623,754
values_916,1178
values_599,754
values_913,754
values_263,1602
values_312,966
values_97,966
values_377,1814
values_433,1602
values_287,1602
values_186,1602
values_666,1814
values_406,1178
values_261,1390
values_654,754
values_78,542
values_580,1178
values_810,1602
values_23,966
values_413,1178
values_75,1602
values_720,754
values_804,1814
values_719,1814
values_862,330
values_591,1602
values_815,1178
values_926,1390
values_756,1178
values_45,1390
values_82,1814
values_187,1602
values_385,754
values_876,542
values_569,1814
values_482,1602
values_422,1602
values_687,1390
values_210,754
values_877,1602
values_602,754
values_11,754
values_65,542
values_93,966
values_197,1178
values_881,754
values_519,1390
values_298,966
values_144,1390
values_491,966
values_681,1390
values_773,1602
values_918,1814
values_803,966
values_807,1814
values_975,542
values_256,966
values_732,1602
values_122,754
values_33,1178
values_665,1390
values_119,1602
values_588,1178
values_473,1390
values_105,1390
values_89,1814
values_20,1814
values_419,1390
values_731,542
values_855,1178
values_161,966
values_26,1178
values_581,1390
values_611,1178
values_598,1178
values_360,1602
values_609,1814
values_905,1602
values_590,1602
values_758,1602
values_759,754
values_178,966
values_374,1390
values_922,1390
values_340,754
values_241,1390
values_276,1178
values_461,1390
values_395,1390
values_948,1390
values_670,1602
values_880,1602
values_166,542
values_311,1602
values_535,1602
values_723,330
values_217,1602
values_937,1602
values_672,1602
values_280,966
values_737,1178
values_163,966
values_553,1390
values_431,966
values_974,1178
values_954,1390
values_351,966
values_639,542
values_578,1178
values_165,1602
values_37,1390
values_472,1390
values_968,754
values_317,1602
values_545,1814
values_525,1602
values_18,1390
values_143,1390
values_368,966
values_347,1390
values_592,542
values_961,1390
values_685,542
values_49,754
values_851,1390
values_56,1390
values_846,1390
values_272,1390
values_793,1178
values_445,1602
values_839,1602
values_273,754
values_904,542
values_326,542
values_411,1390
values_333,1814
values_767,966
values_52,1390
values_649,1602
values_168,542
values_290,754
values_931,1602
values_102,1814
values_813,1814
values_615,1390
values_523,1390
values_631,1602
values_4,754
values_356,1178
values_678,1602
values_762,1390
values_540,1602
values_828,1602
values_566,966
values_802,754
values_849,330
values_249,1390
values_503,1390
values_319,1602
values_265,1390
values_805,966
values_371,1390
values_850,1178
values_966,966
values_997,1178
values_101,1602
values_94,1178
values_430,542
values_510,1602
values_70,1814
values_733,542
values_661,1602
values_543,1178
values_924,754
values_736,1602
values_783,1390
values_218,1602
values_285,1602
values_107,542
values_929,1602
values_823,1814
values_692,966
values_375,754
values_202,542
values_328,1814
values_53,1814
values_110,966
values_798,966
values_179,1178
values_207,542
values_537,299
values_278,1390
values_308,754
values_104,1814
values_370,966
values_239,1602
values_230,1602
values_729,1390
values_96,1602
values_76,542
values_316,1390
values_492,1178
values_67,1390
values_489,1178
values_990,1390
values_424,1814
values_238,754
values_481,330
values_702,1814
values_257,1178
values_571,1602
values_662,966
values_453,1390
values_149,1814
values_835,1602
values_281,1814
values_130,1814
values_745,1602
values_27,966
values_953,1602
values_772,754
values_313,1390
values_561,1602
values_355,754
values_915,966
values_296,754
values_487,966
values_145,1390
values_709,1814
values_397,1178
values_809,1814
values_757,1602
values_196,1390
values_951,1814
values_513,1814
values_689,542
values_154,1390
values_824,754
values_860,1390
values_444,1178
values_79,1602
values_744,966
values_181,1178
values_575,1602
values_358,966
values_536,1602
values_1,966
values_215,1602
values_533,966
values_836,1178
values_38,754
values_206,1602
values_917,754
values_148,1602
values_641,966
values_630,1178
values_874,1390
values_701,1602
values_882,1602
values_738,542
values_825,1390
values_616,1602
values_501,1390
values_791,1814
values_819,1602
values_899,299
values_300,1178
values_677,966
values_987,1814
values_847,1602
values_959,1178
values_164,1178
values_232,1390
values_321,1390
values_396,542
values_39,1814
values_837,1814
values_955,1390
values_349,1178
values_939,1390
values_60,1602
values_977,1814
values_366,966
values_390,966
values_628,542
values_62,754
values_749,966
values_498,1814
values_991,966
values_642,542
values_174,542
values_675,754
values_857,966
values_48,1602
values_324,1178
values_258,1602
values_886,1814
values_600,542
values_693,1602
values_399,1602
values_443,542
values_205,1602
values_940,1390
values_889,966
values_704,1390
values_507,1390
values_770,1178
values_173,1390
values_529,754
values_530,754
values_760,754
values_394,1178
values_162,1178
values_618,1390
values_117,1390
values_949,1390
values_121,1178
values_309,1602
values_282,966
values_938,754
values_833,1390
values_842,542
values_870,1814
values_108,542
values_601,1814
values_996,1178
values_875,1602
values_707,1390
values_352,1178
values_129,1602
values_659,754
values_699,1178
values_727,754
values_334,1602
values_379,754
values_879,966
values_781,1178
values_160,1390
values_538,1390
values_863,1178
values_254,1814
values_960,1178
values_852,754
values_363,1390
values_637,1390
values_799,1178
values_452,1390
values_713,1602
values_887,1602
values_550,1178
values_973,1602
values_194,1602
values_234,1390
values_24,330
values_136,966
values_712,1814
values_778,1602
values_147,1602
values_695,966
values_626,754
values_605,1390
values_752,1390
values_771,1814
values_531,330
values_295,1814
values_811,966
values_410,1602
values_204,1602
values_14,966
values_508,1178
values_388,1178
values_182,754
values_357,1814
values_109,1178
values_19,1602
values_106,542
values_965,330
values_998,754
values_650,1390
values_542,754
values_88,1814
values_751,330
values_0,754
values_211,330
values_726,1602
values_972,1814
values_329,1602
values_401,754
values_302,1602
values_135,1178
values_323,1390
values_493,966
values_651,1390
values_820,966
values_224,1390
values_260,966
values_180,1814
values_715,1178
values_43,542
values_539,1178
values_439,1814
values_978,1814
values_679,966
values_528,1178
values_304,542
values_66,1814
values_688,754
values_568,1390
values_157,1814
values_338,1178
values_722,542
values_172,299
values_350,1602
values_63,1602
values_710,1602
values_212,542
values_138,1390
values_853,1602
values_964,1178
values_208,1390
values_787,1178
values_865,966
values_633,1178
values_393,754
values_330,1390
values_526,1814
values_558,1390
values_560,1178
values_502,1178
values_505,1602
values_742,1178
values_475,754
values_735,1390
values_167,1390
values_297,1602
values_479,542
values_113,1602
values_175,1602
values_644,1178
values_427,966
values_332,1602
values_620,1390
values_40,966
values_703,1390
values_464,1602
values_146,1814
values_983,1814
values_226,542
values_834,1390
values_790,1390
values_244,1602
values_574,1178
values_705,966
values_137,1390
values_171,1390
values_339,1602
values_989,1814
values_139,1814
values_470,1602
values_343,1602
values_785,966
values_245,1178
values_227,542
values_32,966
values_933,1178
values_992,1390
values_908,754
values_474,1814
values_72,966
values_841,966
values_740,1602
values_170,1602
values_912,1390
values_7,542
values_660,1390
values_763,1602
values_488,299
values_191,1390
values_986,1602
values_451,1390
values_589,1390
values_902,542
values_176,1390
values_95,1814
values_331,1814
values_806,1390
values_404,542
values_627,1602
values_438,1602
values_947,1602
values_559,1390
values_414,1390
values_690,1602
values_132,1602
values_945,1390
values_124,754
values_897,1814
values_64,1390
values_638,1390
values_573,1814
values_42,1390
values_120,1390
values_250,966
values_299,1390
values_128,1390
values_50,330
values_786,1390
values_640,754
values_471,330
values_252,966
values_9,1602
values_741,1390
values_686,1602
values_890,1814
values_667,542
values_634,754
values_403,1814
values_195,1602
values_199,1390
values_971,299
values_919,1602
values_734,1814
values_921,754
values_556,1602
values_448,1390
values_125,1390
values_546,542
values_895,754
values_268,1390
values_10,1178
values_769,966
values_380,754
values_554,966
values_408,754
values_522,1390
values_963,966
values_90,1390
values_118,1602
values_59,1814
values_801,966
values_325,542
values_562,1602
values_871,1814
values_755,966
values_826,966
values_133,1602
values_381,330
values_613,754
values_484,754
values_477,542
values_426,1602
values_270,1390
values_315,542
values_417,1602
values_795,754
values_532,1814
values_480,1178
values_47,966
values_462,1390
values_967,1390
values_198,754
values_495,1390
values_432,966
values_373,966
values_774,754
values_169,542
values_683,1390
values_625,1814
values_818,966
values_57,966
values_885,330
values_838,1814
values_872,966
values_185,1390
values_796,1178
values_748,966
values_421,1602
values_893,1602
values_242,1390
values_499,1814
values_51,1390
values_935,542
values_362,966
values_456,1178
values_794,1602
values_669,542
values_441,1178
values_115,1814
values_583,1602
values_878,1178
values_866,1602
values_900,1178
values_446,966
values_950,754
values_259,1602
values_253,966
values_728,542
values_141,1178
values_320,1814
values_2,1390
values_346,1178
