values_150,4398
values_888,9429
values_956,14177
values_691,107
values_344,771
values_283,2205
values_717,20062
values_74,1767
values_21,6944
values_724,13654
values_994,15374
values_920,1080
values_229,17334
values_985,13234
values_603,1385
values_764,10891
values_69,16658
values_327,2928
values_840,2525
values_891,14802
values_398,14622
values_527,1790
values_873,6520
values_564,8643
values_383,3636
values_420,14166
values_779,15353
values_73,1631
values_706,10756
values_213,2023
values_289,13460
values_293,1918
values_219,2563
values_927,40
values_111,469
values_934,2225
values_907,4816
values_415,8143
values_984,1812
values_34,8964
values_800,416
values_240,619
values_903,796
values_747,5781
values_92,6603
values_910,6211
values_216,1899
values_131,867
values_622,5211
values_777,576
values_698,15301
values_71,1049
values_274,10922
values_400,3735
values_549,17904
values_958,158
values_743,1875
values_292,404
values_557,17324
values_68,10448
values_534,4697
values_58,9960
values_645,3051
values_271,1113
values_892,1079
values_544,1884
values_459,6994
values_714,505
values_418,13915
values_511,1371
values_941,736
values_116,15370
values_476,10331
values_858,16488
values_345,6233
values_158,1637
values_277,15389
values_898,14105
values_123,14864
values_680,16596
values_946,71
values_761,481
values_382,2427
values_848,1106
values_832,3916
values_646,20449
values_516,13844
values_354,6926
values_780,7566
values_552,8496
values_541,1721
values_140,134
values_684,1267
values_668,14998
values_266,2441
values_192,7083
values_177,2296
values_384,5419
values_112,4843
values_928,6107
values_676,2001
values_596,9404
values_753,17236
values_126,7608
values_220,18979
values_792,6489
values_635,6186
values_434,1885
values_671,13050
values_708,14377
values_189,19514
values_827,8502
values_337,2512
values_248,1584
values_520,6897
values_153,19503
values_416,189
values_469,13267
values_353,10394
values_91,183
values_35,8325
values_831,9897
values_942,10579
values_407,15494
values_412,20675
values_225,3705
values_223,8547
values_981,21310
values_428,5354
values_555,399
values_100,16339
values_674,228
values_369,3249
values_612,1464
values_673,10544
values_619,10461
values_504,1399
values_386,11122
values_209,17122
values_980,8041
values_262,4776
values_454,15875
values_943,10971
values_957,187
values_579,2010
values_597,1913
values_255,5456
values_610,5952
values_808,4045
values_694,3255
values_436,16261
values_460,540
values_923,20352
values_306,67
values_365,401
values_750,147
values_490,2884
values_982,12279
values_766,3206
values_845,3994
values_821,5908
values_930,18028
values_465,1013
values_512,15177
values_8,11858
values_768,3354
values_700,3211
values_570,1798
values_247,7769
values_81,13102
values_251,2165
values_156,14727
values_829,11747
values_844,18399
values_307,2632
values_884,7679
values_269,2550
values_483,2351
values_901,5771
values_264,6691
values_214,401
values_730,21868
values_342,823
values_604,3015
values_814,1099
values_782,6830
values_391,9522
values_624,7890
values_203,12710
values_652,241
values_305,11265
values_231,13873
values_565,10517
values_392,11635
values_864,5123
values_348,1415
values_286,9093
values_788,830
values_655,1704
values_952,72
values_854,9422
values_134,9124
values_607,19161
values_87,10045
values_506,88
values_190,607
values_587,3351
values_517,7434
values_237,3537
values_816,9420
values_467,3555
values_906,1019
values_12,18312
values_976,15586
values_486,373
values_183,1788
values_275,34
values_524,10047
values_201,3356
values_754,1940
values_606,9535
values_999,8243
values_359,535
values_457,3747
values_551,23803
values_86,7479
values_387,1568
values_697,11734
values_739,2000
values_303,20353
values_372,13225
values_405,9508
values_267,19344
values_584,2414
values_114,1892
values_188,8299
values_15,19336
values_518,1227
values_647,16288
values_228,17919
values_55,1423
values_6,815
values_911,18385
values_515,11139
values_409,11980
values_868,16395
values_478,1888
values_13,5754
values_894,21161
values_25,7843
values_243,14838
values_496,12059
values_463,11198
values_577,16972
values_322,5602
values_246,6552
values_151,7379
values_718,1393
values_200,14799
values_567,2417
values_548,3669
values_425,1667
values_746,18650
values_435,1983
values_657,467
values_797,8715
values_500,1589
values_789,20074
values_563,7031
values_914,1527
values_765,284
values_648,14747
values_31,6435
values_80,4557
values_41,8014
values_585,1339
values_925,14720
values_856,4279
values_36,18041
values_44,3855
values_514,16493
values_822,586
values_970,693
values_402,13667
values_440,13063
values_16,5309
values_361,1402
values_521,3022
values_466,258
values_30,560
values_725,1332
values_643,153
values_594,2387
values_468,11274
values_279,16032
values_494,4115
values_389,17231
values_696,6220
values_437,15205
values_103,1391
values_159,1223
values_593,10529
values_784,12676
values_378,7437
values_376,19837
values_3,2695
values_576,451
values_962,3275
values_936,1842
values_721,3664
values_450,10673
values_776,6493
values_29,21236
values_861,12895
values_364,5864
values_84,1025
values_664,19493
values_636,3272
values_77,4783
values_294,875
values_233,11780
values_447,5847
values_995,1665
values_775,53
values_318,19497
values_843,51
values_54,1357
values_455,1654
values_682,5022
values_458,8701
values_547,5935
values_367,722
values_193,16975
values_582,4384
values_155,11041
values_608,3702
values_909,824
values_653,8467
values_716,6733
values_142,13698
values_617,21423
values_595,3575
values_98,2796
values_830,20000
values_423,12124
values_812,358
values_932,8254
values_341,623
values_896,6680
values_988,17703
values_152,294
values_658,1284
values_869,479
values_485,17671
values_993,7258
values_883,1215
values_222,6323
values_335,822
values_979,18648
values_314,7217
values_291,4514
values_817,17307
values_656,8138
values_22,913
values_288,12670
values_867,11485
values_17,451
values_442,7338
values_236,15743
values_85,184
values_221,18810
values_46,14881
values_944,16677
values_572,10811
values_509,6692
values_336,5771
values_284,4935
values_83,8944
values_663,11923
values_449,16709
values_235,8496
values_711,1752
values_629,13752
values_614,5196
values_429,15275
values_61,4722
values_5,10541
values_632,14260
values_586,1937
values_28,17896
values_310,68
values_184,695
values_497,10692
values_969,552
values_99,886
values_621,1123
values_127,57
values_301,13704
values_859,992
values_623,5740
values_916,18140
values_599,7059
values_913,162
values_263,2344
values_312,17
values_97,808
values_377,135
values_433,3209
values_287,15550
values_186,2583
values_666,4944
values_406,4935
values_261,1797
values_654,2898
values_78,588
values_580,1947
values_810,7523
values_23,18295
values_413,10311
values_75,1491
values_720,4866
values_804,903
values_719,12654
values_862,5986
values_591,14011
values_815,2063
values_926,4151
values_756,17632
values_45,4965
values_82,594
values_187,17498
values_385,17387
values_876,3846
values_569,15827
values_482,13738
values_422,4404
values_687,8453
values_210,2442
values_877,71
values_602,900
values_11,19470
values_65,6004
values_93,241
values_197,21894
values_881,11849
values_519,4872
values_298,16691
values_144,15072
values_491,7414
values_681,18131
values_773,18437
values_918,3043
values_803,1158
values_807,6823
values_975,12194
values_256,1437
values_732,8050
values_122,867
values_33,2951
values_665,8445
values_119,20
values_588,2831
values_473,3418
values_105,11170
values_89,12419
values_20,528
values_419,9047
values_731,1991
values_855,217
values_161,6149
values_26,16827
values_581,4024
values_611,3078
values_598,14012
values_360,14766
values_609,4399
values_905,3957
values_590,18574
values_758,4391
values_759,4730
values_178,5831
values_374,14386
values_922,9361
values_340,4597
values_241,12997
values_276,14249
values_461,94
values_395,21714
values_948,3860
values_670,6282
values_880,1298
values_166,12304
values_311,1709
values_535,11782
values_723,5488
values_217,956
values_937,13303
values_672,10826
values_280,6993
values_737,18690
values_163,14213
values_553,3909
values_431,48
values_974,589
values_954,477
values_351,5210
values_639,17882
values_578,11089
values_165,17648
values_37,3301
values_472,16481
values_968,20
values_317,10139
values_545,4676
values_525,3560
values_18,1349
values_143,13733
values_368,5051
values_347,3707
values_592,1838
values_961,8175
values_685,12272
values_49,4654
values_851,20250
values_56,17
values_846,17553
values_272,13121
values_793,3445
values_445,5925
values_839,11038
values_273,7099
values_904,19744
values_326,10973
values_411,18320
values_333,7346
values_767,2422
values_52,960
values_649,338
values_168,3397
values_290,1035
values_931,1277
values_102,13603
values_813,15258
values_615,189
values_523,19732
values_631,769
values_4,6072
values_356,5456
values_678,10762
values_762,10381
values_540,17763
values_828,11791
values_566,3730
values_802,17952
values_849,3070
values_249,9298
values_503,13006
values_319,7022
values_265,7077
values_805,2417
values_371,744
values_850,268
values_966,124
values_997,260
values_101,18805
values_94,10045
values_430,19820
values_510,11267
values_70,15147
values_733,5553
values_661,223
values_543,13606
values_924,9925
values_736,534
values_783,16989
values_218,3947
values_285,59
values_107,14717
values_929,4674
values_823,1196
values_692,5209
values_375,3305
values_202,1251
values_328,14913
values_53,5995
values_110,2174
values_798,2658
values_179,19330
values_207,3026
values_537,7410
values_278,29
values_308,3709
values_104,6272
values_370,435
values_239,2019
values_230,7870
values_729,12267
values_96,15404
values_76,6389
values_316,7306
values_492,4678
values_67,10942
values_489,667
values_990,10703
values_424,791
values_238,13287
values_481,20154
values_702,6010
values_257,504
values_571,7580
values_662,1112
values_453,16470
values_149,9399
values_835,2888
values_281,2536
values_130,2985
values_745,1761
values_27,19096
values_953,2466
values_772,7905
values_313,411
values_561,3233
values_355,148
values_915,834
values_296,165
values_487,3162
values_145,2096
values_709,21570
values_397,1677
values_809,3925
values_757,7268
values_196,2409
values_951,179
values_513,13282
values_689,15486
values_154,9082
values_824,21726
values_860,699
values_444,19858
values_79,330
values_744,17728
values_181,12269
values_575,10651
values_358,9933
values_536,1867
values_1,1039
values_215,415
values_533,119
values_836,18481
values_38,1599
values_206,1837
values_917,18619
values_148,1293
values_641,724
values_630,8195
values_874,21082
values_701,1327
values_882,17525
values_738,753
values_825,19331
values_616,17
values_501,21066
values_791,1044
values_819,881
values_899,184
values_300,293
values_677,837
values_987,6044
values_847,1414
values_959,1816
values_164,110
values_232,18922
values_321,67
values_396,4076
values_39,9738
values_837,2480
values_955,7191
values_349,6422
values_939,40
values_60,243
values_977,396
values_366,2861
values_390,249
values_628,18140
values_62,20367
values_749,8841
values_498,2862
values_991,2864
values_642,10419
values_174,12194
values_675,16868
values_857,1611
values_48,18748
values_324,7671
values_258,2991
values_886,9846
values_600,434
values_693,21544
values_399,1950
values_443,16809
values_205,20
values_940,734
values_889,4324
values_704,4255
values_507,13067
values_770,10188
values_173,5758
values_529,20995
values_530,400
values_760,554
values_394,18959
values_162,10668
values_618,16461
values_117,10557
values_949,14638
values_121,8424
values_309,7688
values_282,1333
values_938,560
values_833,3656
values_842,10524
values_870,51
values_108,2780
values_601,8005
values_996,9018
values_875,523
values_707,19463
values_352,14518
values_129,12839
values_659,411
values_699,10980
values_727,1418
values_334,9951
values_379,148
values_879,895
values_781,6726
values_160,2353
values_538,8928
values_863,367
values_254,443
values_960,5720
values_852,12536
values_363,350
values_637,14414
values_799,4875
values_452,20703
values_713,3524
values_887,2310
values_550,6034
values_973,12567
values_194,2856
values_234,4153
values_24,2508
values_136,2800
values_712,2589
values_778,11716
values_147,17513
values_695,20541
values_626,7821
values_605,5389
values_752,4839
values_771,12283
values_531,964
values_295,1273
values_811,5946
values_410,1069
values_204,13220
values_14,5040
values_508,8270
values_388,7085
values_182,6209
values_357,8477
values_109,13798
values_19,7297
values_106,8631
values_965,13948
values_998,3378
values_650,2239
values_542,8404
values_88,8679
values_751,14666
values_0,9323
values_211,2472
values_726,160
values_972,2523
values_329,1189
values_401,5287
values_302,10711
values_135,1336
values_323,4764
values_493,740
values_651,11871
values_820,1459
values_224,17782
values_260,1261
values_180,4026
values_715,1988
values_43,12497
values_539,12896
values_439,9451
values_978,1305
values_679,2965
values_528,16336
values_304,465
values_66,6347
values_688,6055
values_568,1771
values_157,18332
values_338,3978
values_722,18047
values_172,3932
values_350,11652
values_63,211
values_710,2789
values_212,13537
values_138,926
values_853,72
values_964,12670
values_208,20390
values_787,19933
values_865,12326
values_633,19150
values_393,12980
values_330,12391
values_526,1826
values_558,6471
values_560,3732
values_502,2524
values_505,12978
values_742,5156
values_475,2443
values_735,3629
values_167,158
values_297,1365
values_479,5576
values_113,2303
values_175,636
values_644,12684
values_427,16761
values_332,4816
values_620,22266
values_40,9622
values_703,3243
values_464,5835
values_146,911
values_983,3676
values_226,2313
values_834,43
values_790,4028
values_244,3635
values_574,11878
values_705,3743
values_137,10286
values_171,18648
values_339,7708
values_989,20488
values_139,2881
values_470,3073
values_343,6776
values_785,20073
values_245,20911
values_227,4300
values_32,5557
values_933,14594
values_992,12717
values_908,2943
values_474,2698
values_72,1924
values_841,3014
values_740,7741
values_170,11680
values_912,910
values_7,120
values_660,741
values_763,8565
values_488,5904
values_191,886
values_986,2197
values_451,6341
values_589,147
values_902,108
values_176,7582
values_95,10424
values_331,7947
values_806,11774
values_404,13216
values_627,4887
values_438,13756
values_947,2748
values_559,13564
values_414,5312
values_690,554
values_132,1529
values_945,1510
values_124,11761
values_897,4672
values_64,6005
values_638,104
values_573,15033
values_42,1686
values_120,7556
values_250,9781
values_299,7385
values_128,5048
values_50,4603
values_786,2426
values_640,459
values_471,12821
values_252,16056
values_9,15467
values_741,17866
values_686,11300
values_890,11105
values_667,16722
values_634,13644
values_403,11365
values_195,556
values_199,2768
values_971,8153
values_919,19933
values_734,9287
values_921,12929
values_556,20076
values_448,2058
values_125,2021
values_546,955
values_895,168
values_268,438
values_10,1961
values_769,3379
values_380,520
values_554,2630
values_408,922
values_522,1195
values_963,10490
values_90,168
values_118,2101
values_59,18128
values_801,4639
values_325,8719
values_562,3350
values_871,720
values_755,2818
values_826,1892
values_133,10523
values_381,4897
values_613,21185
values_484,13015
values_477,16096
values_426,6074
values_270,2291
values_315,1470
values_417,4794
values_795,1135
values_532,10717
values_480,2873
values_47,20373
values_462,143
values_967,12246
values_198,14130
values_495,5963
values_432,7675
values_373,11309
values_774,16808
values_169,2481
values_683,6014
values_625,9235
values_818,903
values_57,5029
values_885,1235
values_838,160
values_872,9611
values_185,18271
values_796,847
values_748,84
values_421,7480
values_893,2142
values_242,8138
values_499,1602
values_51,6105
values_935,292
values_362,109
values_456,990
values_794,1061
values_669,3744
values_441,10606
values_115,2254
values_583,11376
values_878,18008
values_866,129
values_900,13546
values_446,1972
values_950,301
values_259,20141
values_253,4629
values_728,2627
values_141,1050
values_320,14471
values_2,17976
values_346,5702
