values_150,874
values_888,995
values_956,1380
values_691,916
values_344,1546
values_283,529
values_717,1598
values_74,1544
values_21,1342
values_724,1648
values_994,1440
values_920,1434
values_229,511
values_985,1548
values_603,1126
values_764,1696
values_69,1390
values_327,1570
values_840,887
values_891,933
values_398,1576
values_527,511
values_873,1101
values_564,517
values_383,1684
values_420,1633
values_779,1850
values_73,1544
values_706,1944
values_213,453
values_289,529
values_293,559
values_219,453
values_927,1434
values_111,828
values_934,1416
values_907,1730
values_415,1583
values_984,1548
values_34,1324
values_800,1143
values_240,473
values_903,1730
values_747,1624
values_92,1348
values_910,1384
values_216,453
values_131,878
values_622,896
values_777,1850
values_698,916
values_71,1544
values_274,671
values_400,1929
values_549,473
values_958,1380
values_743,1624
values_292,559
values_557,507
values_68,1390
values_534,501
values_58,1288
values_645,870
values_271,671
values_892,933
values_544,473
values_459,1579
values_714,1598
values_418,1583
values_511,453
values_941,1410
values_116,828
values_476,1835
values_858,891
values_345,1546
values_158,874
values_277,671
values_898,933
values_123,896
values_680,978
values_946,1410
values_761,1696
values_382,1684
values_848,887
values_832,895
values_646,870
values_516,453
values_354,1516
values_780,1762
values_552,507
values_541,473
values_140,870
values_684,978
values_668,930
values_266,517
values_192,916
values_177,1084
values_384,1684
values_112,828
values_928,1434
values_676,1084
values_596,559
values_753,1594
values_126,896
values_220,511
values_792,1654
values_635,878
values_434,1615
values_671,1084
values_708,1944
values_189,978
values_827,913
values_337,1552
values_248,473
values_520,511
values_153,874
values_416,1583
values_469,1681
values_353,1516
values_91,1348
values_35,1324
values_831,895
values_942,1410
values_407,1929
values_412,1583
values_225,511
values_223,511
values_981,1548
values_428,1633
values_555,507
values_100,1126
values_674,1084
values_369,1618
values_612,828
values_673,1084
values_619,828
values_504,671
values_386,1684
values_209,671
values_980,1548
values_262,517
values_454,1579
values_943,1410
values_957,1380
values_579,671
values_597,559
values_255,507
values_610,828
values_808,1143
values_694,916
values_436,1615
values_460,1681
values_923,1434
values_306,1866
values_365,1618
values_750,1594
values_490,1639
values_982,1548
values_766,1696
values_845,887
values_821,913
values_930,1416
values_465,1681
values_512,453
values_8,1638
values_768,1696
values_700,1944
values_570,671
values_247,473
values_81,1456
values_251,507
values_156,874
values_829,913
values_844,887
values_307,1866
values_884,995
values_269,517
values_483,1747
values_901,1730
values_264,517
values_214,453
values_730,1630
values_342,1546
values_604,1126
values_814,845
values_782,1762
values_391,1576
values_624,896
values_203,671
values_652,874
values_305,1866
values_231,501
values_565,517
values_392,1576
values_864,947
values_348,1546
values_286,529
values_788,1762
values_655,874
values_952,1380
values_854,891
values_134,878
values_607,1126
values_87,1456
values_506,671
values_190,916
values_587,529
values_517,453
values_237,501
values_816,845
values_467,1681
values_906,1730
values_12,1292
values_976,1636
values_486,1747
values_183,978
values_275,671
values_524,511
values_201,671
values_754,1594
values_606,1126
values_999,1440
values_359,1516
values_457,1579
values_551,507
values_86,1456
values_387,1684
values_697,916
values_739,1630
values_303,1866
values_372,1772
values_405,1929
values_267,517
values_584,529
values_114,828
values_188,978
values_15,1292
values_518,453
values_647,870
values_228,511
values_55,1288
values_6,1638
values_911,1384
values_515,453
values_409,1929
values_868,947
values_478,1835
values_13,1292
values_894,933
values_25,1342
values_243,473
values_496,1639
values_463,1681
values_577,671
values_322,1570
values_246,473
values_151,874
values_718,1598
values_200,671
values_567,517
values_548,473
values_425,1633
values_746,1624
values_435,1615
values_657,874
values_797,1654
values_500,671
values_789,1762
values_563,517
values_914,1384
values_765,1696
values_648,870
values_31,1324
values_80,1456
values_41,1318
values_585,529
values_925,1434
values_856,891
values_36,1324
values_44,1318
values_514,453
values_822,913
values_970,1636
values_402,1929
values_440,1609
values_16,1292
values_361,1618
values_521,511
values_466,1681
values_30,1324
values_725,1648
values_643,870
values_594,559
values_468,1681
values_279,671
values_494,1639
values_389,1684
values_696,916
values_437,1615
values_103,1126
values_159,874
values_593,559
values_784,1762
values_378,1772
values_376,1772
values_3,1638
values_576,671
values_962,1482
values_936,1416
values_721,1648
values_450,1579
values_776,1850
values_29,1342
values_861,947
values_364,1618
values_84,1456
values_664,930
values_636,878
values_77,1544
values_294,559
values_233,501
values_447,1609
values_995,1440
values_775,1850
values_318,1520
values_843,887
values_54,1288
values_455,1579
values_682,978
values_458,1579
values_547,473
values_367,1618
values_193,916
values_582,529
values_155,874
values_608,1126
values_909,1730
values_653,874
values_716,1598
values_142,870
values_617,828
values_595,559
values_98,1348
values_830,895
values_423,1633
values_812,845
values_932,1416
values_341,1546
values_896,933
values_988,1548
values_152,874
values_658,874
values_869,947
values_485,1747
values_993,1440
values_883,995
values_222,511
values_335,1552
values_979,1636
values_314,1520
values_291,559
values_817,845
values_656,874
values_22,1342
values_288,529
values_867,947
values_17,1292
values_442,1609
values_236,501
values_85,1456
values_221,511
values_46,1318
values_944,1410
values_572,671
values_509,671
values_336,1552
values_284,529
values_83,1456
values_663,930
values_449,1609
values_235,501
values_711,1598
values_629,896
values_614,828
values_429,1633
values_61,1390
values_5,1638
values_632,878
values_586,529
values_28,1342
values_310,1520
values_184,978
values_497,1639
values_969,1482
values_99,1348
values_621,896
values_127,896
values_301,1866
values_859,891
values_623,896
values_916,1384
values_599,559
values_913,1384
values_263,517
values_312,1520
values_97,1348
values_377,1772
values_433,1615
values_287,529
values_186,978
values_666,930
values_406,1929
values_261,517
values_654,874
values_78,1544
values_580,529
values_810,845
values_23,1342
values_413,1583
values_75,1544
values_720,1648
values_804,1143
values_719,1598
values_862,947
values_591,559
values_815,845
values_926,1434
values_756,1594
values_45,1318
values_82,1456
values_187,978
values_385,1684
values_876,1101
values_569,517
values_482,1747
values_422,1633
values_687,978
values_210,453
values_877,1101
values_602,1126
values_11,1292
values_65,1390
values_93,1348
values_197,916
values_881,995
values_519,453
values_298,559
values_144,870
values_491,1639
values_681,978
values_773,1850
values_918,1384
values_803,1143
values_807,1143
values_975,1636
values_256,507
values_732,1630
values_122,896
values_33,1324
values_665,930
values_119,828
values_588,529
values_473,1835
values_105,1126
values_89,1456
values_20,1342
values_419,1583
values_731,1630
values_855,891
values_161,930
values_26,1342
values_581,529
values_611,828
values_598,559
values_360,1618
values_609,1126
values_905,1730
values_590,559
values_758,1594
values_759,1594
values_178,1084
values_374,1772
values_922,1434
values_340,1546
values_241,473
values_276,671
values_461,1681
values_395,1576
values_948,1410
values_670,1084
values_880,995
values_166,930
values_311,1520
values_535,501
values_723,1648
values_217,453
values_937,1416
values_672,1084
values_280,529
values_737,1630
values_163,930
values_553,507
values_431,1615
values_974,1636
values_954,1380
values_351,1516
values_639,878
values_578,671
values_165,930
values_37,1324
values_472,1835
values_968,1482
values_317,1520
values_545,473
values_525,511
values_18,1292
values_143,870
values_368,1618
values_347,1546
values_592,559
values_961,1482
values_685,978
values_49,1318
values_851,891
values_56,1288
values_846,887
values_272,671
values_793,1654
values_445,1609
values_839,895
values_273,671
values_904,1730
values_326,1570
values_411,1583
values_333,1552
values_767,1696
values_52,1288
values_649,870
values_168,930
values_290,559
values_931,1416
values_102,1126
values_813,845
values_615,828
values_523,511
values_631,878
values_4,1638
values_356,1516
values_678,1084
values_762,1696
values_540,473
values_828,913
values_566,517
values_802,1143
values_849,887
values_249,473
values_503,671
values_319,1520
values_265,517
values_805,1143
values_371,1772
values_850,891
values_966,1482
values_997,1440
values_101,1126
values_94,1348
values_430,1615
values_510,453
values_70,1544
values_733,1630
values_661,930
values_543,473
values_924,1434
values_736,1630
values_783,1762
values_218,453
values_285,529
values_107,1126
values_929,1434
values_823,913
values_692,916
values_375,1772
values_202,671
values_328,1570
values_53,1288
values_110,828
values_798,1654
values_179,1084
values_207,671
values_537,501
values_278,671
values_308,1866
values_104,1126
values_370,1772
values_239,501
values_230,501
values_729,1648
values_96,1348
values_76,1544
values_316,1520
values_492,1639
values_67,1390
values_489,1747
values_990,1440
values_424,1633
values_238,501
values_481,1747
values_702,1944
values_257,507
values_571,671
values_662,930
values_453,1579
values_149,870
values_835,895
values_281,529
values_130,878
values_745,1624
values_27,1342
values_953,1380
values_772,1850
values_313,1520
values_561,517
values_355,1516
values_915,1384
values_296,559
values_487,1747
values_145,870
values_709,1944
values_397,1576
values_809,1143
values_757,1594
values_196,916
values_951,1380
values_513,453
values_689,978
values_154,874
values_824,913
values_860,947
values_444,1609
values_79,1544
values_744,1624
values_181,978
values_575,671
values_358,1516
values_536,501
values_1,1638
values_215,453
values_533,501
values_836,895
values_38,1324
values_206,671
values_917,1384
values_148,870
values_641,870
values_630,878
values_874,1101
values_701,1944
values_882,995
values_738,1630
values_825,913
values_616,828
values_501,671
values_791,1654
values_819,845
values_899,933
values_300,1866
values_677,1084
values_987,1548
values_847,887
values_959,1380
values_164,930
values_232,501
values_321,1570
values_396,1576
values_39,1324
values_837,895
values_955,1380
values_349,1546
values_939,1416
values_60,1390
values_977,1636
values_366,1618
values_390,1576
values_628,896
values_62,1390
values_749,1624
values_498,1639
values_991,1440
values_642,870
values_174,1084
values_675,1084
values_857,891
values_48,1318
values_324,1570
values_258,507
values_886,995
values_600,1126
values_693,916
values_399,1576
values_443,1609
values_205,671
values_940,1410
values_889,995
values_704,1944
values_507,671
values_770,1850
values_173,1084
values_529,511
values_530,501
values_760,1696
values_394,1576
values_162,930
values_618,828
values_117,828
values_949,1410
values_121,896
values_309,1866
values_282,529
values_938,1416
values_833,895
values_842,887
values_870,1101
values_108,1126
values_601,1126
values_996,1440
values_875,1101
values_707,1944
values_352,1516
values_129,896
values_659,874
values_699,916
values_727,1648
values_334,1552
values_379,1772
values_879,1101
values_781,1762
values_160,930
values_538,501
values_863,947
values_254,507
values_960,1482
values_852,891
values_363,1618
values_637,878
values_799,1654
values_452,1579
values_713,1598
values_887,995
values_550,507
values_973,1636
values_194,916
values_234,501
values_24,1342
values_136,878
values_712,1598
values_778,1850
values_147,870
values_695,916
values_626,896
values_605,1126
values_752,1594
values_771,1850
values_531,501
values_295,559
values_811,845
values_410,1583
values_204,671
values_14,1292
values_508,671
values_388,1684
values_182,978
values_357,1516
values_109,1126
values_19,1292
values_106,1126
values_965,1482
values_998,1440
values_650,874
values_542,473
values_88,1456
values_751,1594
values_0,1638
values_211,453
values_726,1648
values_972,1636
values_329,1570
values_401,1929
values_302,1866
values_135,878
values_323,1570
values_493,1639
values_651,874
values_820,913
values_224,511
values_260,517
values_180,978
values_715,1598
values_43,1318
values_539,501
values_439,1615
values_978,1636
values_679,1084
values_528,511
values_304,1866
values_66,1390
values_688,978
values_568,517
values_157,874
values_338,1552
values_722,1648
values_172,1084
values_350,1516
values_63,1390
values_710,1598
values_212,453
values_138,878
values_853,891
values_964,1482
values_208,671
values_787,1762
values_865,947
values_633,878
values_393,1576
values_330,1552
values_526,511
values_558,507
values_560,517
values_502,671
values_505,671
values_742,1624
values_475,1835
values_735,1630
values_167,930
values_297,559
values_479,1835
values_113,828
values_175,1084
values_644,870
values_427,1633
values_332,1552
values_620,896
values_40,1318
values_703,1944
values_464,1681
values_146,870
values_983,1548
values_226,511
values_834,895
values_790,1654
values_244,473
values_574,671
values_705,1944
values_137,878
values_171,1084
values_339,1552
values_989,1548
values_139,878
values_470,1835
values_343,1546
values_785,1762
values_245,473
values_227,511
values_32,1324
values_933,1416
values_992,1440
values_908,1730
values_474,1835
values_72,1544
values_841,887
values_740,1624
values_170,1084
values_912,1384
values_7,1638
values_660,930
values_763,1696
values_488,1747
values_191,916
values_986,1548
values_451,1579
values_589,529
values_902,1730
values_176,1084
values_95,1348
values_331,1552
values_806,1143
values_404,1929
values_627,896
values_438,1615
values_947,1410
values_559,507
values_414,1583
values_690,916
values_132,878
values_945,1410
values_124,896
values_897,933
values_64,1390
values_638,878
values_573,671
values_42,1318
values_120,896
values_250,507
values_299,559
values_128,896
values_50,1288
values_786,1762
values_640,870
values_471,1835
values_252,507
values_9,1638
values_741,1624
values_686,978
values_890,933
values_667,930
values_634,878
values_403,1929
values_195,916
values_199,916
values_971,1636
values_919,1384
values_734,1630
values_921,1434
values_556,507
values_448,1609
values_125,896
values_546,473
values_895,933
values_268,517
values_10,1292
values_769,1696
values_380,1684
values_554,507
values_408,1929
values_522,511
values_963,1482
values_90,1348
values_118,828
values_59,1288
values_801,1143
values_325,1570
values_562,517
values_871,1101
values_755,1594
values_826,913
values_133,878
values_381,1684
values_613,828
values_484,1747
values_477,1835
values_426,1633
values_270,671
values_315,1520
values_417,1583
values_795,1654
values_532,501
values_480,1747
values_47,1318
values_462,1681
values_967,1482
values_198,916
values_495,1639
values_432,1615
values_373,1772
values_774,1850
values_169,930
values_683,978
values_625,896
values_818,845
values_57,1288
values_885,995
values_838,895
values_872,1101
values_185,978
values_796,1654
values_748,1624
values_421,1633
values_893,933
values_242,473
values_499,1639
values_51,1288
values_935,1416
values_362,1618
values_456,1579
values_794,1654
values_669,930
values_441,1609
values_115,828
values_583,529
values_878,1101
values_866,947
values_900,1730
values_446,1609
values_950,1380
values_259,507
values_253,507
values_728,1648
values_141,870
values_320,1570
values_2,1638
values_346,1546
