values_150,1049
values_888,1826
values_956,5711
values_691,3639
values_344,2603
values_283,4157
values_717,4157
values_74,1049
values_21,5711
values_724,2603
values_994,531
values_920,4157
values_229,1826
values_985,5452
values_603,1308
values_764,5193
values_69,1826
values_327,790
values_840,3380
values_891,1567
values_398,1308
values_527,790
values_873,790
values_564,3380
values_383,1826
values_420,3898
values_779,3639
values_73,5711
values_706,5193
values_213,5452
values_289,4157
values_293,5452
values_219,1826
values_927,1826
values_111,1826
values_934,2603
values_907,3639
values_415,3639
values_984,4416
values_34,4675
values_800,2344
values_240,1308
values_903,3121
values_747,3380
values_92,5193
values_910,4675
values_216,3121
values_131,790
values_622,1308
values_777,5452
values_698,5711
values_71,1049
values_274,5452
values_400,1308
values_549,1308
values_958,4934
values_743,790
values_292,790
values_557,4675
values_68,3380
values_534,5711
values_58,3639
values_645,4675
values_271,3898
values_892,4934
values_544,3898
values_459,5452
values_714,3380
values_418,5452
values_511,2603
values_941,790
values_116,3380
values_476,2344
values_858,2344
values_345,4934
values_158,3380
values_277,4157
values_898,531
values_123,4934
values_680,5452
values_946,1049
values_761,1826
values_382,4675
values_848,1049
values_832,3121
values_646,2862
values_516,2862
values_354,1826
values_780,1567
values_552,2603
values_541,5452
values_140,4934
values_684,5193
values_668,3898
values_266,3898
values_192,531
values_177,531
values_384,4934
values_112,3639
values_928,5711
values_676,3639
values_596,5193
values_753,5452
values_126,5711
values_220,4934
values_792,531
values_635,5711
values_434,3639
values_671,3639
values_708,790
values_189,1826
values_827,531
values_337,4157
values_248,4416
values_520,1049
values_153,4416
values_416,4416
values_469,4675
values_353,4157
values_91,3380
values_35,1567
values_831,1567
values_942,4675
values_407,4416
values_412,3639
values_225,4157
values_223,1049
values_981,790
values_428,4675
values_555,1308
values_100,790
values_674,5193
values_369,4934
values_612,3380
values_673,4934
values_619,3380
values_504,4934
values_386,5193
values_209,3380
values_980,2603
values_262,5193
values_454,5452
values_943,2085
values_957,3639
values_579,4416
values_597,3898
values_255,4934
values_610,3380
values_808,4934
values_694,4157
values_436,4416
values_460,4157
values_923,3639
values_306,3898
values_365,3121
values_750,4934
values_490,3380
values_982,531
values_766,4157
values_845,2603
values_821,3380
values_930,1567
values_465,1049
values_512,3639
values_8,4416
values_768,5711
values_700,4416
values_570,2862
values_247,3639
values_81,2344
values_251,1826
values_156,1049
values_829,2344
values_844,531
values_307,2085
values_884,2862
values_269,2603
values_483,3639
values_901,2603
values_264,2603
values_214,2862
values_730,2603
values_342,3898
values_604,1826
values_814,2344
values_782,4934
values_391,5452
values_624,4157
values_203,4157
values_652,2862
values_305,3639
values_231,3380
values_565,531
values_392,1308
values_864,2603
values_348,1049
values_286,2603
values_788,5193
values_655,5711
values_952,2862
values_854,790
values_134,531
values_607,5452
values_87,1308
values_506,3898
values_190,790
values_587,3898
values_517,2085
values_237,3121
values_816,531
values_467,531
values_906,1567
values_12,790
values_976,1826
values_486,3639
values_183,3121
values_275,1826
values_524,4675
values_201,531
values_754,4934
values_606,5711
values_999,790
values_359,5193
values_457,5452
values_551,4157
values_86,2862
values_387,4934
values_697,5711
values_739,2862
values_303,2603
values_372,1567
values_405,2344
values_267,531
values_584,2862
values_114,531
values_188,4416
values_15,2862
values_518,2085
values_647,4934
values_228,2344
values_55,4934
values_6,790
values_911,1049
values_515,4416
values_409,790
values_868,2085
values_478,1308
values_13,4934
values_894,3380
values_25,3898
values_243,5452
values_496,790
values_463,531
values_577,4934
values_322,1308
values_246,1826
values_151,3898
values_718,5452
values_200,5711
values_567,2344
values_548,790
values_425,2085
values_746,531
values_435,4416
values_657,1308
values_797,4416
values_500,1049
values_789,2603
values_563,3380
values_914,5452
values_765,1308
values_648,5711
values_31,4934
values_80,1567
values_41,2862
values_585,3380
values_925,2085
values_856,1049
values_36,5711
values_44,5193
values_514,5193
values_822,5193
values_970,2085
values_402,1049
values_440,2862
values_16,1826
values_361,5452
values_521,4157
values_466,4416
values_30,2085
values_725,2862
values_643,4675
values_594,4675
values_468,2085
values_279,1826
values_494,3121
values_389,2085
values_696,1049
values_437,790
values_103,1826
values_159,1308
values_593,5711
values_784,531
values_378,2085
values_376,5711
values_3,4157
values_576,3121
values_962,4675
values_936,5711
values_721,3898
values_450,1567
values_776,5711
values_29,2862
values_861,4157
values_364,1308
values_84,5452
values_664,5711
values_636,1826
values_77,1826
values_294,1826
values_233,1308
values_447,1308
values_995,2344
values_775,790
values_318,531
values_843,531
values_54,1826
values_455,1567
values_682,4675
values_458,3898
values_547,790
values_367,3380
values_193,3898
values_582,3121
values_155,4675
values_608,531
values_909,2344
values_653,1826
values_716,4157
values_142,531
values_617,4416
values_595,2344
values_98,1049
values_830,3898
values_423,5193
values_812,1826
values_932,1826
values_341,3121
values_896,4675
values_988,1567
values_152,2344
values_658,2862
values_869,4675
values_485,4416
values_993,3639
values_883,1826
values_222,2085
values_335,2344
values_979,1826
values_314,1567
values_291,1308
values_817,3898
values_656,2603
values_22,1049
values_288,4157
values_867,1049
values_17,3639
values_442,3898
values_236,2085
values_85,1826
values_221,2344
values_46,5711
values_944,3121
values_572,1567
values_509,5711
values_336,1826
values_284,2603
values_83,3639
values_663,790
values_449,1049
values_235,4416
values_711,1049
values_629,5711
values_614,1049
values_429,531
values_61,531
values_5,5452
values_632,1567
values_586,1308
values_28,1049
values_310,2603
values_184,1826
values_497,4934
values_969,3380
values_99,1049
values_621,2085
values_127,3898
values_301,2603
values_859,531
values_623,1049
values_916,1308
values_599,3639
values_913,531
values_263,4157
values_312,4675
values_97,531
values_377,3639
values_433,5711
values_287,1826
values_186,5193
values_666,4675
values_406,4934
values_261,3639
values_654,2862
values_78,4934
values_580,5711
values_810,5711
values_23,3898
values_413,5193
values_75,5452
values_720,3121
values_804,531
values_719,1308
values_862,531
values_591,1308
values_815,2603
values_926,4675
values_756,1567
values_45,3639
values_82,790
values_187,5193
values_385,2862
values_876,1308
values_569,4157
values_482,531
values_422,5711
values_687,4157
values_210,531
values_877,3639
values_602,1308
values_11,790
values_65,3639
values_93,5711
values_197,2344
values_881,4416
values_519,1049
values_298,5711
values_144,531
values_491,2344
values_681,2603
values_773,4157
values_918,3380
values_803,4675
values_807,2085
values_975,5193
values_256,5193
values_732,3121
values_122,1826
values_33,4416
values_665,4416
values_119,3898
values_588,5193
values_473,1049
values_105,2603
values_89,2603
values_20,3898
values_419,4675
values_731,3898
values_855,1049
values_161,3898
values_26,2603
values_581,2862
values_611,4675
values_598,4416
values_360,5193
values_609,5452
values_905,2344
values_590,4675
values_758,5193
values_759,1567
values_178,3380
values_374,3639
values_922,5452
values_340,3121
values_241,3380
values_276,5452
values_461,1826
values_395,790
values_948,3639
values_670,3898
values_880,2085
values_166,790
values_311,4416
values_535,2085
values_723,1826
values_217,4416
values_937,3639
values_672,4416
values_280,3380
values_737,4934
values_163,3639
values_553,2344
values_431,790
values_974,3380
values_954,1308
values_351,5193
values_639,3121
values_578,1567
values_165,5193
values_37,5452
values_472,3639
values_968,2862
values_317,2603
values_545,3898
values_525,3898
values_18,5711
values_143,3639
values_368,1567
values_347,5711
values_592,790
values_961,5193
values_685,1826
values_49,5193
values_851,4157
values_56,3639
values_846,5193
values_272,1049
values_793,2344
values_445,2862
values_839,4675
values_273,531
values_904,5711
values_326,531
values_411,1308
values_333,5452
values_767,2344
values_52,1826
values_649,3898
values_168,2344
values_290,5193
values_931,2344
values_102,3380
values_813,3121
values_615,531
values_523,3380
values_631,5452
values_4,3639
values_356,1567
values_678,4157
values_762,1308
values_540,2862
values_828,3639
values_566,3121
values_802,3380
values_849,2085
values_249,1826
values_503,5452
values_319,3898
values_265,2862
values_805,790
values_371,1308
values_850,3121
values_966,4934
values_997,1308
values_101,1826
values_94,5452
values_430,2862
values_510,5193
values_70,4416
values_733,1826
values_661,1826
values_543,2603
values_924,790
values_736,5452
values_783,3121
values_218,2603
values_285,531
values_107,2862
values_929,3121
values_823,1826
values_692,3121
values_375,5452
values_202,5193
values_328,1826
values_53,3898
values_110,2603
values_798,531
values_179,3380
values_207,5452
values_537,4416
values_278,5193
values_308,3639
values_104,2085
values_370,1826
values_239,4934
values_230,4157
values_729,531
values_96,2603
values_76,790
values_316,2085
values_492,531
values_67,5452
values_489,4416
values_990,790
values_424,4934
values_238,3639
values_481,3121
values_702,3639
values_257,2862
values_571,5193
values_662,1567
values_453,531
values_149,5711
values_835,790
values_281,790
values_130,1308
values_745,5452
values_27,1049
values_953,1049
values_772,3898
values_313,5452
values_561,3380
values_355,3898
values_915,2862
values_296,1567
values_487,5452
values_145,1308
values_709,1826
values_397,4934
values_809,1826
values_757,4675
values_196,1308
values_951,1308
values_513,4675
values_689,5711
values_154,2085
values_824,5711
values_860,1826
values_444,5711
values_79,3121
values_744,531
values_181,5193
values_575,1567
values_358,2862
values_536,4934
values_1,4934
values_215,4934
values_533,3380
values_836,3121
values_38,1049
values_206,1567
values_917,2344
values_148,1826
values_641,3380
values_630,790
values_874,3898
values_701,3121
values_882,3639
values_738,3898
values_825,4934
values_616,1308
values_501,3898
values_791,1567
values_819,3898
values_899,1826
values_300,2085
values_677,2344
values_987,1826
values_847,3380
values_959,790
values_164,3380
values_232,4934
values_321,3898
values_396,5193
values_39,1567
values_837,4934
values_955,1826
values_349,1308
values_939,3380
values_60,2862
values_977,531
values_366,5711
values_390,2862
values_628,3121
values_62,5711
values_749,5452
values_498,4934
values_991,5193
values_642,2344
values_174,531
values_675,531
values_857,1049
values_48,1567
values_324,1049
values_258,1826
values_886,790
values_600,2603
values_693,2085
values_399,531
values_443,2603
values_205,1567
values_940,4157
values_889,790
values_704,4675
values_507,1308
values_770,5711
values_173,4934
values_529,1308
values_530,5711
values_760,2344
values_394,1567
values_162,790
values_618,1049
values_117,790
values_949,1308
values_121,2862
values_309,3898
values_282,3121
values_938,4675
values_833,1308
values_842,5193
values_870,5452
values_108,5193
values_601,4675
values_996,3639
values_875,3121
values_707,4675
values_352,1826
values_129,1826
values_659,2085
values_699,1567
values_727,2862
values_334,1826
values_379,4934
values_879,5452
values_781,3898
values_160,531
values_538,3121
values_863,4157
values_254,4934
values_960,2344
values_852,790
values_363,3639
values_637,1308
values_799,3121
values_452,1308
values_713,1308
values_887,3121
values_550,4416
values_973,4934
values_194,4934
values_234,4934
values_24,2862
values_136,4157
values_712,531
values_778,4675
values_147,4675
values_695,1826
values_626,5711
values_605,1308
values_752,2603
values_771,2603
values_531,2344
values_295,1308
values_811,1049
values_410,790
values_204,2085
values_14,4934
values_508,3639
values_388,3898
values_182,2603
values_357,3380
values_109,5452
values_19,531
values_106,5711
values_965,4157
values_998,1308
values_650,2344
values_542,2085
values_88,1308
values_751,4157
values_0,4934
values_211,3380
values_726,3639
values_972,531
values_329,3380
values_401,790
values_302,4675
values_135,1567
values_323,1826
values_493,3639
values_651,3121
values_820,2085
values_224,790
values_260,4416
values_180,3639
values_715,531
values_43,4675
values_539,1826
values_439,4416
values_978,790
values_679,2085
values_528,2862
values_304,3639
values_66,4675
values_688,2603
values_568,2085
values_157,4157
values_338,4157
values_722,1567
values_172,2085
values_350,531
values_63,3639
values_710,1049
values_212,4675
values_138,2085
values_853,3639
values_964,3121
values_208,1308
values_787,1826
values_865,1567
values_633,3380
values_393,1567
values_330,3639
values_526,1567
values_558,790
values_560,1567
values_502,1049
values_505,4934
values_742,4934
values_475,4416
values_735,2344
values_167,2862
values_297,4934
values_479,3380
values_113,2603
values_175,1826
values_644,1567
values_427,4675
values_332,5711
values_620,5452
values_40,5452
values_703,2085
values_464,3898
values_146,2862
values_983,2085
values_226,4416
values_834,2344
values_790,5193
values_244,2344
values_574,1308
values_705,3898
values_137,2603
values_171,1308
values_339,2344
values_989,531
values_139,4157
values_470,2862
values_343,531
values_785,2085
values_245,1049
values_227,4157
values_32,1826
values_933,1049
values_992,4416
values_908,3639
values_474,5711
values_72,5711
values_841,4934
values_740,5193
values_170,1308
values_912,2862
values_7,5452
values_660,1567
values_763,3380
values_488,531
values_191,3121
values_986,2344
values_451,1826
values_589,2085
values_902,4675
values_176,3898
values_95,1567
values_331,3898
values_806,1049
values_404,3639
values_627,5452
values_438,3639
values_947,790
values_559,4934
values_414,790
values_690,531
values_132,4157
values_945,4675
values_124,5193
values_897,3380
values_64,790
values_638,1567
values_573,5452
values_42,3121
values_120,1049
values_250,2603
values_299,4416
values_128,5193
values_50,4416
values_786,531
values_640,3121
values_471,531
values_252,1308
values_9,4157
values_741,4934
values_686,1567
values_890,3898
values_667,2085
values_634,2344
values_403,3639
values_195,4157
values_199,2085
values_971,531
values_919,4934
values_734,4416
values_921,531
values_556,3121
values_448,5452
values_125,4416
values_546,1567
values_895,4157
values_268,2085
values_10,3121
values_769,3639
values_380,2862
values_554,2344
values_408,790
values_522,3898
values_963,4934
values_90,1826
values_118,5711
values_59,1567
values_801,1049
values_325,4157
values_562,531
values_871,2862
values_755,2603
values_826,2344
values_133,5711
values_381,4675
values_613,1308
values_484,531
values_477,5452
values_426,790
values_270,4157
values_315,3380
values_417,4157
values_795,4675
values_532,4934
values_480,1049
values_47,1308
values_462,3121
values_967,3380
values_198,4416
values_495,3898
values_432,790
values_373,2344
values_774,2603
values_169,2344
values_683,4157
values_625,790
values_818,5711
values_57,3121
values_885,1826
values_838,790
values_872,3121
values_185,1049
values_796,4157
values_748,3380
values_421,5193
values_893,2862
values_242,4934
values_499,4157
values_51,3639
values_935,3380
values_362,4675
values_456,4675
values_794,1308
values_669,5452
values_441,790
values_115,4416
values_583,5711
values_878,1567
values_866,3121
values_900,2344
values_446,1049
values_950,3898
values_259,1826
values_253,5452
values_728,4157
values_141,3639
values_320,1826
values_2,1049
values_346,5193
