values_150,970
values_888,700
values_956,574
values_691,898
values_344,421
values_283,826
values_717,1051
values_74,1051
values_21,619
values_724,961
values_994,520
values_920,475
values_229,880
values_985,664
values_603,745
values_764,682
values_69,1033
values_327,781
values_840,1150
values_891,943
values_398,691
values_527,205
values_873,484
values_564,610
values_383,781
values_420,799
values_779,799
values_73,1132
values_706,1132
values_213,1150
values_289,664
values_293,1051
values_219,745
values_927,1159
values_111,259
values_934,574
values_907,610
values_415,1087
values_984,493
values_34,934
values_800,853
values_240,1141
values_903,835
values_747,1060
values_92,1042
values_910,925
values_216,223
values_131,1006
values_622,457
values_777,1123
values_698,898
values_71,1105
values_274,394
values_400,1114
values_549,628
values_958,799
values_743,646
values_292,871
values_557,1069
values_68,1114
values_534,700
values_58,1024
values_645,538
values_271,349
values_892,574
values_544,1015
values_459,907
values_714,817
values_418,646
values_511,754
values_941,385
values_116,691
values_476,367
values_858,907
values_345,637
values_158,1114
values_277,250
values_898,178
values_123,763
values_680,934
values_946,862
values_761,817
values_382,484
values_848,466
values_832,1123
values_646,1096
values_516,1096
values_354,754
values_780,1159
values_552,979
values_541,196
values_140,556
values_684,1159
values_668,772
values_266,1123
values_192,322
values_177,763
values_384,547
values_112,1141
values_928,178
values_676,745
values_596,529
values_753,484
values_126,979
values_220,682
values_792,547
values_635,619
values_434,673
values_671,556
values_708,907
values_189,871
values_827,376
values_337,1132
values_248,1141
values_520,961
values_153,88
values_416,448
values_469,313
values_353,916
values_91,1123
values_35,502
values_831,817
values_942,1159
values_407,979
values_412,520
values_225,142
values_223,1042
values_981,979
values_428,727
values_555,1042
values_100,511
values_674,376
values_369,1141
values_612,1159
values_673,1060
values_619,1033
values_504,772
values_386,1015
values_209,1123
values_980,898
values_262,736
values_454,853
values_943,799
values_957,754
values_579,871
values_597,358
values_255,961
values_610,763
values_808,790
values_694,628
values_436,1060
values_460,358
values_923,835
values_306,925
values_365,466
values_750,943
values_490,70
values_982,754
values_766,898
values_845,826
values_821,1141
values_930,1105
values_465,1042
values_512,1159
values_8,925
values_768,592
values_700,376
values_570,889
values_247,988
values_81,817
values_251,1033
values_156,403
values_829,1051
values_844,835
values_307,970
values_884,1033
values_269,745
values_483,1132
values_901,925
values_264,1015
values_214,169
values_730,988
values_342,1033
values_604,736
values_814,412
values_782,1096
values_391,961
values_624,961
values_203,925
values_652,790
values_305,151
values_231,547
values_565,439
values_392,637
values_864,547
values_348,1078
values_286,565
values_788,538
values_655,1087
values_952,664
values_854,880
values_134,898
values_607,637
values_87,583
values_506,556
values_190,844
values_587,808
values_517,889
values_237,988
values_816,1132
values_467,403
values_906,1141
values_12,889
values_976,1078
values_486,484
values_183,736
values_275,772
values_524,700
values_201,925
values_754,1069
values_606,1087
values_999,673
values_359,1060
values_457,988
values_551,880
values_86,583
values_387,1015
values_697,673
values_739,835
values_303,727
values_372,1087
values_405,916
values_267,637
values_584,1069
values_114,1123
values_188,745
values_15,754
values_518,358
values_647,1087
values_228,880
values_55,448
values_6,862
values_911,1015
values_515,1033
values_409,961
values_868,349
values_478,1123
values_13,394
values_894,1096
values_25,664
values_243,151
values_496,682
values_463,1123
values_577,475
values_322,934
values_246,1060
values_151,340
values_718,457
values_200,844
values_567,889
values_548,718
values_425,1087
values_746,970
values_435,1078
values_657,358
values_797,871
values_500,871
values_789,538
values_563,493
values_914,916
values_765,1123
values_648,529
values_31,1114
values_80,1033
values_41,664
values_585,493
values_925,664
values_856,646
values_36,952
values_44,232
values_514,997
values_822,808
values_970,772
values_402,934
values_440,862
values_16,1132
values_361,331
values_521,889
values_466,907
values_30,772
values_725,781
values_643,448
values_594,736
values_468,1132
values_279,916
values_494,1006
values_389,871
values_696,718
values_437,997
values_103,592
values_159,1015
values_593,1042
values_784,943
values_378,763
values_376,952
values_3,826
values_576,367
values_962,124
values_936,322
values_721,907
values_450,1114
values_776,709
values_29,718
values_861,835
values_364,403
values_84,871
values_664,1033
values_636,1150
values_77,583
values_294,889
values_233,709
values_447,961
values_995,1123
values_775,988
values_318,115
values_843,187
values_54,1150
values_455,385
values_682,1096
values_458,1024
values_547,934
values_367,1123
values_193,1006
values_582,997
values_155,403
values_608,151
values_909,610
values_653,1024
values_716,727
values_142,1087
values_617,313
values_595,997
values_98,790
values_830,1096
values_423,1051
values_812,970
values_932,565
values_341,691
values_896,1033
values_988,1006
values_152,1069
values_658,1051
values_869,1042
values_485,277
values_993,1033
values_883,628
values_222,952
values_335,655
values_979,862
values_314,718
values_291,970
values_817,592
values_656,367
values_22,430
values_288,1051
values_867,1051
values_17,853
values_442,880
values_236,1123
values_85,313
values_221,610
values_46,952
values_944,592
values_572,1060
values_509,727
values_336,1051
values_284,979
values_83,1141
values_663,664
values_449,1087
values_235,781
values_711,898
values_629,484
values_614,1087
values_429,736
values_61,1042
values_5,673
values_632,502
values_586,1006
values_28,1024
values_310,745
values_184,826
values_497,880
values_969,826
values_99,574
values_621,1051
values_127,763
values_301,853
values_859,745
values_623,322
values_916,1114
values_599,412
values_913,952
values_263,313
values_312,691
values_97,529
values_377,1024
values_433,952
values_287,790
values_186,583
values_666,1069
values_406,1150
values_261,952
values_654,853
values_78,898
values_580,502
values_810,1123
values_23,970
values_413,1132
values_75,952
values_720,916
values_804,304
values_719,25
values_862,592
values_591,304
values_815,250
values_926,1087
values_756,376
values_45,268
values_82,1087
values_187,1123
values_385,1150
values_876,538
values_569,916
values_482,1015
values_422,1141
values_687,538
values_210,475
values_877,529
values_602,601
values_11,790
values_65,475
values_93,1150
values_197,133
values_881,520
values_519,439
values_298,1024
values_144,295
values_491,601
values_681,754
values_773,124
values_918,889
values_803,880
values_807,61
values_975,727
values_256,1024
values_732,1015
values_122,1078
values_33,1042
values_665,1024
values_119,1033
values_588,817
values_473,952
values_105,898
values_89,1078
values_20,322
values_419,403
values_731,862
values_855,457
values_161,1069
values_26,844
values_581,1132
values_611,727
values_598,1033
values_360,673
values_609,871
values_905,799
values_590,610
values_758,763
values_759,961
values_178,565
values_374,286
values_922,1087
values_340,898
values_241,340
values_276,709
values_461,1069
values_395,1105
values_948,520
values_670,232
values_880,412
values_166,880
values_311,736
values_535,925
values_723,340
values_217,934
values_937,1105
values_672,1033
values_280,880
values_737,781
values_163,592
values_553,997
values_431,916
values_974,691
values_954,718
values_351,1069
values_639,241
values_578,916
values_165,1060
values_37,430
values_472,763
values_968,1042
values_317,862
values_545,466
values_525,988
values_18,961
values_143,376
values_368,1114
values_347,628
values_592,979
values_961,736
values_685,727
values_49,520
values_851,862
values_56,727
values_846,943
values_272,826
values_793,799
values_445,520
values_839,673
values_273,943
values_904,565
values_326,637
values_411,1078
values_333,1114
values_767,268
values_52,880
values_649,1150
values_168,736
values_290,718
values_931,871
values_102,592
values_813,385
values_615,718
values_523,754
values_631,349
values_4,763
values_356,565
values_678,673
values_762,952
values_540,619
values_828,853
values_566,493
values_802,1150
values_849,808
values_249,1006
values_503,1150
values_319,601
values_265,250
values_805,1105
values_371,1060
values_850,1006
values_966,988
values_997,1105
values_101,691
values_94,934
values_430,646
values_510,880
values_70,1069
values_733,1033
values_661,232
values_543,673
values_924,943
values_736,322
values_783,394
values_218,691
values_285,979
values_107,1060
values_929,772
values_823,718
values_692,1015
values_375,493
values_202,142
values_328,943
values_53,1024
values_110,718
values_798,925
values_179,322
values_207,1006
values_537,682
values_278,1141
values_308,844
values_104,772
values_370,880
values_239,115
values_230,826
values_729,1105
values_96,1105
values_76,565
values_316,1114
values_492,817
values_67,448
values_489,1015
values_990,808
values_424,997
values_238,1006
values_481,1069
values_702,232
values_257,1114
values_571,1042
values_662,925
values_453,880
values_149,1033
values_835,1114
values_281,1159
values_130,745
values_745,655
values_27,1042
values_953,934
values_772,664
values_313,448
values_561,583
values_355,961
values_915,268
values_296,772
values_487,871
values_145,403
values_709,439
values_397,1132
values_809,952
values_757,412
values_196,1150
values_951,1078
values_513,817
values_689,1024
values_154,970
values_824,295
values_860,799
values_444,439
values_79,979
values_744,790
values_181,682
values_575,565
values_358,961
values_536,1033
values_1,772
values_215,1141
values_533,286
values_836,1150
values_38,808
values_206,556
values_917,1096
values_148,1114
values_641,565
values_630,1159
values_874,421
values_701,304
values_882,934
values_738,484
values_825,1159
values_616,817
values_501,916
values_791,1006
values_819,1132
values_899,313
values_300,601
values_677,331
values_987,295
values_847,844
values_959,754
values_164,844
values_232,700
values_321,943
values_396,790
values_39,511
values_837,943
values_955,898
values_349,754
values_939,574
values_60,781
values_977,664
values_366,1006
values_390,736
values_628,727
values_62,511
values_749,979
values_498,952
values_991,673
values_642,340
values_174,1006
values_675,232
values_857,1114
values_48,961
values_324,1006
values_258,952
values_886,1096
values_600,871
values_693,448
values_399,349
values_443,709
values_205,1069
values_940,322
values_889,925
values_704,961
values_507,1015
values_770,799
values_173,196
values_529,304
values_530,1060
values_760,592
values_394,565
values_162,1132
values_618,358
values_117,1159
values_949,484
values_121,1132
values_309,1006
values_282,1069
values_938,754
values_833,493
values_842,961
values_870,718
values_108,304
values_601,331
values_996,988
values_875,457
values_707,790
values_352,601
values_129,952
values_659,871
values_699,988
values_727,898
values_334,520
values_379,448
values_879,916
values_781,745
values_160,1060
values_538,331
values_863,1087
values_254,619
values_960,1024
values_852,1123
values_363,718
values_637,961
values_799,574
values_452,691
values_713,592
values_887,664
values_550,826
values_973,952
values_194,565
values_234,691
values_24,628
values_136,1069
values_712,898
values_778,1114
values_147,844
values_695,700
values_626,322
values_605,898
values_752,439
values_771,781
values_531,592
values_295,511
values_811,1033
values_410,1006
values_204,817
values_14,1033
values_508,1033
values_388,970
values_182,547
values_357,1105
values_109,142
values_19,898
values_106,835
values_965,259
values_998,1096
values_650,1006
values_542,853
values_88,763
values_751,574
values_0,1042
values_211,367
values_726,727
values_972,673
values_329,1114
values_401,1150
values_302,808
values_135,178
values_323,439
values_493,934
values_651,961
values_820,889
values_224,142
values_260,1150
values_180,835
values_715,763
values_43,583
values_539,1015
values_439,340
values_978,448
values_679,439
values_528,1132
values_304,250
values_66,502
values_688,439
values_568,844
values_157,691
values_338,448
values_722,1024
values_172,763
values_350,943
values_63,637
values_710,313
values_212,1141
values_138,988
values_853,340
values_964,979
values_208,754
values_787,871
values_865,763
values_633,1159
values_393,781
values_330,1006
values_526,1150
values_558,1114
values_560,520
values_502,502
values_505,970
values_742,1141
values_475,799
values_735,448
values_167,844
values_297,988
values_479,871
values_113,511
values_175,1078
values_644,628
values_427,1087
values_332,997
values_620,1132
values_40,997
values_703,700
values_464,898
values_146,1141
values_983,1033
values_226,565
values_834,682
values_790,493
values_244,817
values_574,124
values_705,412
values_137,961
values_171,448
values_339,565
values_989,772
values_139,628
values_470,709
values_343,790
values_785,1123
values_245,1096
values_227,835
values_32,565
values_933,790
values_992,799
values_908,862
values_474,286
values_72,223
values_841,961
values_740,844
values_170,934
values_912,925
values_7,475
values_660,1114
values_763,844
values_488,682
values_191,403
values_986,916
values_451,862
values_589,997
values_902,1042
values_176,826
values_95,1114
values_331,178
values_806,1087
values_404,1078
values_627,961
values_438,772
values_947,412
values_559,1114
values_414,241
values_690,817
values_132,1132
values_945,952
values_124,637
values_897,889
values_64,853
values_638,853
values_573,1123
values_42,799
values_120,331
values_250,727
values_299,430
values_128,952
values_50,1042
values_786,925
values_640,808
values_471,637
values_252,574
values_9,1051
values_741,772
values_686,502
values_890,1087
values_667,718
values_634,619
values_403,826
values_195,700
values_199,826
values_971,196
values_919,907
values_734,862
values_921,88
values_556,196
values_448,619
values_125,817
values_546,943
values_895,889
values_268,1051
values_10,1078
values_769,376
values_380,1069
values_554,709
values_408,1051
values_522,628
values_963,1051
values_90,925
values_118,961
values_59,889
values_801,1006
values_325,619
values_562,1105
values_871,808
values_755,916
values_826,961
values_133,1141
values_381,664
values_613,754
values_484,907
values_477,1132
values_426,808
values_270,637
values_315,979
values_417,1033
values_795,637
values_532,529
values_480,1042
values_47,745
values_462,547
values_967,1051
values_198,547
values_495,1015
values_432,421
values_373,214
values_774,421
values_169,295
values_683,1024
values_625,853
values_818,1069
values_57,1096
values_885,439
values_838,673
values_872,853
values_185,592
values_796,844
values_748,1096
values_421,340
values_893,394
values_242,439
values_499,1060
values_51,592
values_935,961
values_362,979
values_456,511
values_794,745
values_669,988
values_441,412
values_115,547
values_583,412
values_878,763
values_866,619
values_900,1114
values_446,1123
values_950,997
values_259,358
values_253,547
values_728,1132
values_141,1105
values_320,763
values_2,871
values_346,673
