values_150,7072
values_888,7545
values_956,7545
values_691,7072
values_344,7533
values_283,7545
values_717,7545
values_74,6914
values_21,7537
values_724,7072
values_994,7072
values_920,7533
values_229,7537
values_985,7537
values_603,7072
values_764,7545
values_69,7537
values_327,7525
values_840,7537
values_891,7537
values_398,7537
values_527,7533
values_873,7537
values_564,7529
values_383,7525
values_420,7545
values_779,7072
values_73,7537
values_706,7072
values_213,6914
values_289,7533
values_293,7537
values_219,6914
values_927,7537
values_111,7537
values_934,7537
values_907,7537
values_415,7537
values_984,6914
values_34,7537
values_800,6914
values_240,7072
values_903,7072
values_747,7529
values_92,7072
values_910,7072
values_216,7072
values_131,7537
values_622,7072
values_777,7537
values_698,7072
values_71,7545
values_274,7072
values_400,7545
values_549,7072
values_958,7537
values_743,7537
values_292,7537
values_557,7537
values_68,7529
values_534,7533
values_58,7072
values_645,7545
values_271,7072
values_892,6914
values_544,7537
values_459,7529
values_714,7537
values_418,7072
values_511,7529
values_941,7072
values_116,7537
values_476,7533
values_858,7537
values_345,6914
values_158,7533
values_277,7537
values_898,7529
values_123,7537
values_680,7525
values_946,7072
values_761,6756
values_382,7537
values_848,7072
values_832,7533
values_646,6756
values_516,7537
values_354,7537
values_780,7072
values_552,7072
values_541,7072
values_140,6914
values_684,7072
values_668,7545
values_266,6914
values_192,7525
values_177,7545
values_384,7545
values_112,7537
values_928,7537
values_676,7226
values_596,7537
values_753,7537
values_126,6598
values_220,7072
values_792,7537
values_635,7545
values_434,6914
values_671,6756
values_708,7072
values_189,6914
values_827,7537
values_337,7537
values_248,7072
values_520,7072
values_153,7072
values_416,7072
values_469,6914
values_353,7072
values_91,7072
values_35,7537
values_831,7072
values_942,7537
values_407,7072
values_412,7533
values_225,7072
values_223,7537
values_981,7545
values_428,7537
values_555,7072
values_100,7545
values_674,6914
values_369,7525
values_612,7072
values_673,7072
values_619,7072
values_504,7537
values_386,7072
values_209,7072
values_980,7072
values_262,7072
values_454,7072
values_943,7537
values_957,7072
values_579,7072
values_597,6756
values_255,7230
values_610,7072
values_808,7072
values_694,7537
values_436,7072
values_460,7072
values_923,7537
values_306,7537
values_365,7072
values_750,6914
values_490,7525
values_982,7072
values_766,6598
values_845,7545
values_821,7525
values_930,7545
values_465,7537
values_512,7537
values_8,7072
values_768,7072
values_700,7545
values_570,6914
values_247,6756
values_81,7537
values_251,7537
values_156,7072
values_829,7072
values_844,7072
values_307,7545
values_884,6914
values_269,7072
values_483,6914
values_901,7545
values_264,7072
values_214,7537
values_730,7072
values_342,7537
values_604,7072
values_814,7072
values_782,7072
values_391,6914
values_624,7517
values_203,7545
values_652,6914
values_305,7537
values_231,7537
values_565,7525
values_392,7541
values_864,6914
values_348,7072
values_286,7537
values_788,6914
values_655,7525
values_952,6914
values_854,6914
values_134,7072
values_607,7072
values_87,7537
values_506,7537
values_190,7545
values_587,7545
values_517,7072
values_237,7072
values_816,7537
values_467,7072
values_906,7537
values_12,7072
values_976,7545
values_486,7072
values_183,6914
values_275,7072
values_524,7529
values_201,7545
values_754,7537
values_606,7537
values_999,7072
values_359,7072
values_457,7537
values_551,7072
values_86,7072
values_387,6914
values_697,6914
values_739,7545
values_303,7072
values_372,7545
values_405,7072
values_267,7072
values_584,7537
values_114,6914
values_188,7072
values_15,7072
values_518,7525
values_647,6598
values_228,7545
values_55,7545
values_6,7072
values_911,7072
values_515,6914
values_409,7537
values_868,7072
values_478,7072
values_13,7230
values_894,7072
values_25,7072
values_243,7072
values_496,7545
values_463,7537
values_577,7537
values_322,7072
values_246,6756
values_151,7072
values_718,7537
values_200,7537
values_567,7072
values_548,7545
values_425,7072
values_746,7525
values_435,7072
values_657,7072
values_797,7072
values_500,7072
values_789,6914
values_563,7545
values_914,7537
values_765,7072
values_648,7537
values_31,7072
values_80,7537
values_41,7537
values_585,7072
values_925,7072
values_856,7537
values_36,7537
values_44,6914
values_514,6756
values_822,7072
values_970,6914
values_402,6914
values_440,7529
values_16,5966
values_361,7072
values_521,7537
values_466,7072
values_30,6914
values_725,7072
values_643,7545
values_594,7533
values_468,7072
values_279,7537
values_494,7072
values_389,7072
values_696,7537
values_437,7537
values_103,7072
values_159,7072
values_593,7545
values_784,6440
values_378,7545
values_376,6914
values_3,7072
values_576,6914
values_962,7537
values_936,7072
values_721,7072
values_450,7072
values_776,7072
values_29,7072
values_861,6756
values_364,7537
values_84,6914
values_664,7537
values_636,7072
values_77,7072
values_294,7533
values_233,7072
values_447,7072
values_995,7537
values_775,7072
values_318,7072
values_843,7529
values_54,7072
values_455,7072
values_682,7537
values_458,7072
values_547,7537
values_367,7072
values_193,6914
values_582,7537
values_155,6914
values_608,7072
values_909,7537
values_653,7072
values_716,7537
values_142,6914
values_617,7545
values_595,6598
values_98,7072
values_830,7072
values_423,6914
values_812,7072
values_932,7072
values_341,7072
values_896,7529
values_988,7537
values_152,7072
values_658,7545
values_869,7072
values_485,7072
values_993,7537
values_883,7529
values_222,7525
values_335,7537
values_979,7072
values_314,7072
values_291,6914
values_817,6756
values_656,7529
values_22,6914
values_288,7537
values_867,7529
values_17,6914
values_442,7533
values_236,7533
values_85,7537
values_221,7537
values_46,7537
values_944,7072
values_572,7537
values_509,7537
values_336,6914
values_284,7537
values_83,6756
values_663,7072
values_449,7537
values_235,7525
values_711,6282
values_629,7545
values_614,6914
values_429,7525
values_61,7537
values_5,7072
values_632,7230
values_586,6756
values_28,6914
values_310,7529
values_184,7537
values_497,7537
values_969,7072
values_99,7545
values_621,7537
values_127,7072
values_301,7545
values_859,6756
values_623,7537
values_916,7072
values_599,7230
values_913,7072
values_263,6914
values_312,7529
values_97,6914
values_377,6914
values_433,7537
values_287,7545
values_186,7072
values_666,7072
values_406,7545
values_261,7072
values_654,7072
values_78,7537
values_580,7545
values_810,6756
values_23,7537
values_413,7537
values_75,7072
values_720,6756
values_804,7537
values_719,7072
values_862,5808
values_591,7533
values_815,7537
values_926,7072
values_756,7072
values_45,7072
values_82,6914
values_187,7529
values_385,7537
values_876,6914
values_569,7072
values_482,7545
values_422,7537
values_687,7537
values_210,7072
values_877,7529
values_602,7072
values_11,7537
values_65,7072
values_93,7533
values_197,7072
values_881,7545
values_519,7545
values_298,6914
values_144,6914
values_491,7537
values_681,7545
values_773,7072
values_918,7537
values_803,7533
values_807,7529
values_975,7072
values_256,7537
values_732,7072
values_122,7545
values_33,7072
values_665,7525
values_119,7545
values_588,7521
values_473,7072
values_105,6914
values_89,7525
values_20,7545
values_419,7072
values_731,6756
values_855,7529
values_161,7072
values_26,7529
values_581,7072
values_611,7537
values_598,7072
values_360,6756
values_609,7545
values_905,7072
values_590,6914
values_758,7537
values_759,7072
values_178,6756
values_374,7537
values_922,7072
values_340,7537
values_241,7545
values_276,7537
values_461,7529
values_395,7525
values_948,6756
values_670,7529
values_880,7072
values_166,6914
values_311,7537
values_535,7072
values_723,7072
values_217,7072
values_937,7072
values_672,7537
values_280,7072
values_737,7537
values_163,7533
values_553,7537
values_431,6914
values_974,7537
values_954,7545
values_351,7525
values_639,7537
values_578,7072
values_165,7072
values_37,7537
values_472,7072
values_968,7545
values_317,6914
values_545,7072
values_525,6914
values_18,7537
values_143,7072
values_368,7537
values_347,7537
values_592,7072
values_961,7072
values_685,7072
values_49,7537
values_851,7525
values_56,7545
values_846,7072
values_272,6914
values_793,7537
values_445,7545
values_839,6914
values_273,7537
values_904,7072
values_326,7537
values_411,7072
values_333,7072
values_767,7072
values_52,7545
values_649,7072
values_168,7537
values_290,7537
values_931,6914
values_102,7072
values_813,7072
values_615,7533
values_523,7072
values_631,7537
values_4,7537
values_356,7537
values_678,7537
values_762,7537
values_540,7537
values_828,7537
values_566,7072
values_802,7072
values_849,7537
values_249,7537
values_503,7537
values_319,7072
values_265,6756
values_805,7533
values_371,7072
values_850,7072
values_966,7072
values_997,7537
values_101,6914
values_94,7537
values_430,7545
values_510,7533
values_70,7072
values_733,7072
values_661,7072
values_543,7072
values_924,7537
values_736,7072
values_783,7545
values_218,7545
values_285,7545
values_107,7529
values_929,6756
values_823,7529
values_692,7072
values_375,7537
values_202,7072
values_328,7529
values_53,7529
values_110,7072
values_798,7537
values_179,7072
values_207,7545
values_537,7226
values_278,7072
values_308,6914
values_104,7537
values_370,7072
values_239,7072
values_230,7072
values_729,7537
values_96,7521
values_76,7072
values_316,7072
values_492,7545
values_67,7072
values_489,7072
values_990,7533
values_424,7537
values_238,7537
values_481,6914
values_702,7545
values_257,7072
values_571,7537
values_662,6914
values_453,7537
values_149,7072
values_835,7545
values_281,7072
values_130,6756
values_745,7537
values_27,7072
values_953,7545
values_772,7533
values_313,7072
values_561,7072
values_355,7072
values_915,6914
values_296,7072
values_487,7537
values_145,7533
values_709,7533
values_397,7537
values_809,7545
values_757,7537
values_196,6914
values_951,7072
values_513,7072
values_689,7072
values_154,7072
values_824,7072
values_860,7072
values_444,7537
values_79,7529
values_744,6914
values_181,7072
values_575,7072
values_358,7072
values_536,6914
values_1,7072
values_215,7537
values_533,7072
values_836,7072
values_38,7072
values_206,6914
values_917,7529
values_148,7072
values_641,7537
values_630,6914
values_874,7072
values_701,7537
values_882,7072
values_738,6914
values_825,7537
values_616,7072
values_501,7072
values_791,7533
values_819,7072
values_899,7537
values_300,7072
values_677,7529
values_987,7537
values_847,7072
values_959,7545
values_164,6756
values_232,6914
values_321,7545
values_396,7072
values_39,7072
values_837,7072
values_955,7072
values_349,7541
values_939,7533
values_60,7072
values_977,7537
values_366,7072
values_390,7537
values_628,7537
values_62,7545
values_749,7537
values_498,7537
values_991,7537
values_642,7072
values_174,7537
values_675,7072
values_857,7533
values_48,7072
values_324,7072
values_258,7072
values_886,7545
values_600,7072
values_693,7521
values_399,7537
values_443,7072
values_205,7537
values_940,7072
values_889,7537
values_704,6598
values_507,7537
values_770,7072
values_173,7072
values_529,7072
values_530,7537
values_760,7537
values_394,7072
values_162,7072
values_618,7537
values_117,6914
values_949,7072
values_121,7537
values_309,7072
values_282,7545
values_938,7537
values_833,7545
values_842,7533
values_870,7529
values_108,7537
values_601,7072
values_996,7072
values_875,7529
values_707,7072
values_352,7537
values_129,6914
values_659,7537
values_699,7072
values_727,7537
values_334,7545
values_379,6914
values_879,7072
values_781,7537
values_160,7537
values_538,7072
values_863,7545
values_254,7537
values_960,7072
values_852,7537
values_363,7545
values_637,7537
values_799,7537
values_452,7537
values_713,7537
values_887,7521
values_550,6914
values_973,7533
values_194,6914
values_234,7533
values_24,6756
values_136,6914
values_712,7529
values_778,7072
values_147,7537
values_695,6914
values_626,7537
values_605,7537
values_752,7072
values_771,7072
values_531,7537
values_295,7545
values_811,7533
values_410,7537
values_204,7230
values_14,6914
values_508,7533
values_388,6756
values_182,7529
values_357,7529
values_109,7545
values_19,6914
values_106,7072
values_965,6914
values_998,7537
values_650,7072
values_542,7525
values_88,6914
values_751,7072
values_0,7537
values_211,7537
values_726,7545
values_972,7533
values_329,7072
values_401,7529
values_302,7537
values_135,7537
values_323,6914
values_493,7537
values_651,7072
values_820,6756
values_224,6914
values_260,7072
values_180,7072
values_715,6914
values_43,6914
values_539,6914
values_439,7537
values_978,7537
values_679,7072
values_528,7072
values_304,7072
values_66,7537
values_688,7072
values_568,7525
values_157,6914
values_338,7072
values_722,7072
values_172,7537
values_350,7537
values_63,7072
values_710,7072
values_212,7072
values_138,7072
values_853,7537
values_964,7072
values_208,6914
values_787,7537
values_865,6914
values_633,7068
values_393,7072
values_330,6914
values_526,7537
values_558,6756
values_560,6914
values_502,7529
values_505,7537
values_742,6914
values_475,7545
values_735,7072
values_167,7537
values_297,7537
values_479,7521
values_113,7521
values_175,7545
values_644,7537
values_427,7072
values_332,7537
values_620,7537
values_40,7072
values_703,7072
values_464,7072
values_146,7525
values_983,7072
values_226,7537
values_834,6756
values_790,7072
values_244,6914
values_574,7537
values_705,7533
values_137,7072
values_171,7545
values_339,7545
values_989,7537
values_139,7537
values_470,7545
values_343,7537
values_785,7545
values_245,7537
values_227,7545
values_32,7072
values_933,7072
values_992,6914
values_908,7537
values_474,7537
values_72,6914
values_841,7537
values_740,7072
values_170,7537
values_912,7072
values_7,7545
values_660,7537
values_763,7072
values_488,7072
values_191,7537
values_986,7537
values_451,7537
values_589,7533
values_902,7072
values_176,7537
values_95,7517
values_331,7072
values_806,7537
values_404,7545
values_627,6756
values_438,7537
values_947,7072
values_559,7537
values_414,7525
values_690,7072
values_132,7072
values_945,7537
values_124,7537
values_897,7529
values_64,7537
values_638,7072
values_573,7072
values_42,7072
values_120,7529
values_250,7072
values_299,7072
values_128,7529
values_50,7529
values_786,6598
values_640,7533
values_471,7072
values_252,6756
values_9,7545
values_741,7072
values_686,7072
values_890,7537
values_667,7545
values_634,6914
values_403,7537
values_195,7537
values_199,7529
values_971,7072
values_919,7537
values_734,7072
values_921,6914
values_556,7529
values_448,7072
values_125,7072
values_546,7545
values_895,7533
values_268,7537
values_10,7072
values_769,7072
values_380,7072
values_554,7537
values_408,7072
values_522,7537
values_963,7072
values_90,7072
values_118,7072
values_59,7072
values_801,7537
values_325,6914
values_562,7529
values_871,7226
values_755,6756
values_826,6914
values_133,7072
values_381,7537
values_613,7537
values_484,7537
values_477,7545
values_426,7545
values_270,7537
values_315,6914
values_417,7545
values_795,7072
values_532,7525
values_480,7072
values_47,7525
values_462,7072
values_967,7545
values_198,6124
values_495,7072
values_432,7072
values_373,7072
values_774,7072
values_169,7537
values_683,7072
values_625,7072
values_818,6914
values_57,7072
values_885,7537
values_838,7537
values_872,7537
values_185,7521
values_796,7072
values_748,7226
values_421,7072
values_893,7545
values_242,7545
values_499,6756
values_51,7072
values_935,7525
values_362,7537
values_456,7525
values_794,7072
values_669,7072
values_441,7537
values_115,7072
values_583,7072
values_878,7537
values_866,7072
values_900,6756
values_446,7072
values_950,6914
values_259,6914
values_253,7537
values_728,7545
values_141,6914
values_320,7525
values_2,6914
values_346,7072
