values_150,180
values_888,200
values_956,200
values_691,180
values_344,200
values_283,200
values_717,200
values_74,173
values_21,200
values_724,180
values_994,180
values_920,200
values_229,200
values_985,200
values_603,180
values_764,200
values_69,200
values_327,200
values_840,200
values_891,200
values_398,200
values_527,200
values_873,200
values_564,200
values_383,200
values_420,200
values_779,180
values_73,200
values_706,180
values_213,173
values_289,200
values_293,200
values_219,173
values_927,200
values_111,200
values_934,200
values_907,200
values_415,200
values_984,173
values_34,200
values_800,173
values_240,180
values_903,180
values_747,200
values_92,180
values_910,180
values_216,180
values_131,200
values_622,180
values_777,200
values_698,180
values_71,200
values_274,180
values_400,200
values_549,180
values_958,200
values_743,200
values_292,200
values_557,200
values_68,200
values_534,200
values_58,180
values_645,200
values_271,180
values_892,173
values_544,200
values_459,200
values_714,200
values_418,180
values_511,200
values_941,180
values_116,200
values_476,200
values_858,200
values_345,173
values_158,200
values_277,200
values_898,200
values_123,200
values_680,200
values_946,180
values_761,166
values_382,200
values_848,180
values_832,200
values_646,166
values_516,200
values_354,200
values_780,180
values_552,180
values_541,180
values_140,173
values_684,180
values_668,200
values_266,173
values_192,200
values_177,200
values_384,200
values_112,200
values_928,200
values_676,187
values_596,200
values_753,200
values_126,159
values_220,180
values_792,200
values_635,200
values_434,173
values_671,166
values_708,180
values_189,173
values_827,200
values_337,200
values_248,180
values_520,180
values_153,180
values_416,180
values_469,173
values_353,180
values_91,180
values_35,200
values_831,180
values_942,200
values_407,180
values_412,200
values_225,180
values_223,200
values_981,200
values_428,200
values_555,180
values_100,200
values_674,173
values_369,200
values_612,180
values_673,180
values_619,180
values_504,200
values_386,180
values_209,180
values_980,180
values_262,180
values_454,180
values_943,200
values_957,180
values_579,180
values_597,166
values_255,187
values_610,180
values_808,180
values_694,200
values_436,180
values_460,180
values_923,200
values_306,200
values_365,180
values_750,173
values_490,200
values_982,180
values_766,159
values_845,200
values_821,200
values_930,200
values_465,200
values_512,200
values_8,180
values_768,180
values_700,200
values_570,173
values_247,166
values_81,200
values_251,200
values_156,180
values_829,180
values_844,180
values_307,200
values_884,173
values_269,180
values_483,173
values_901,200
values_264,180
values_214,200
values_730,180
values_342,200
values_604,180
values_814,180
values_782,180
values_391,173
values_624,200
values_203,200
values_652,173
values_305,200
values_231,200
values_565,200
values_392,200
values_864,173
values_348,180
values_286,200
values_788,173
values_655,200
values_952,173
values_854,173
values_134,180
values_607,180
values_87,200
values_506,200
values_190,200
values_587,200
values_517,180
values_237,180
values_816,200
values_467,180
values_906,200
values_12,180
values_976,200
values_486,180
values_183,173
values_275,180
values_524,200
values_201,200
values_754,200
values_606,200
values_999,180
values_359,180
values_457,200
values_551,180
values_86,180
values_387,173
values_697,173
values_739,200
values_303,180
values_372,200
values_405,180
values_267,180
values_584,200
values_114,173
values_188,180
values_15,180
values_518,200
values_647,159
values_228,200
values_55,200
values_6,180
values_911,180
values_515,173
values_409,200
values_868,180
values_478,180
values_13,187
values_894,180
values_25,180
values_243,180
values_496,200
values_463,200
values_577,200
values_322,180
values_246,166
values_151,180
values_718,200
values_200,200
values_567,180
values_548,200
values_425,180
values_746,200
values_435,180
values_657,180
values_797,180
values_500,180
values_789,173
values_563,200
values_914,200
values_765,180
values_648,200
values_31,180
values_80,200
values_41,200
values_585,180
values_925,180
values_856,200
values_36,200
values_44,173
values_514,166
values_822,180
values_970,173
values_402,173
values_440,200
values_16,131
values_361,180
values_521,200
values_466,180
values_30,173
values_725,180
values_643,200
values_594,200
values_468,180
values_279,200
values_494,180
values_389,180
values_696,200
values_437,200
values_103,180
values_159,180
values_593,200
values_784,152
values_378,200
values_376,173
values_3,180
values_576,173
values_962,200
values_936,180
values_721,180
values_450,180
values_776,180
values_29,180
values_861,166
values_364,200
values_84,173
values_664,200
values_636,180
values_77,180
values_294,200
values_233,180
values_447,180
values_995,200
values_775,180
values_318,180
values_843,200
values_54,180
values_455,180
values_682,200
values_458,180
values_547,200
values_367,180
values_193,173
values_582,200
values_155,173
values_608,180
values_909,200
values_653,180
values_716,200
values_142,173
values_617,200
values_595,159
values_98,180
values_830,180
values_423,173
values_812,180
values_932,180
values_341,180
values_896,200
values_988,200
values_152,180
values_658,200
values_869,180
values_485,180
values_993,200
values_883,200
values_222,200
values_335,200
values_979,180
values_314,180
values_291,173
values_817,166
values_656,200
values_22,173
values_288,200
values_867,200
values_17,173
values_442,200
values_236,200
values_85,200
values_221,200
values_46,200
values_944,180
values_572,200
values_509,200
values_336,173
values_284,200
values_83,166
values_663,180
values_449,200
values_235,200
values_711,145
values_629,200
values_614,173
values_429,200
values_61,200
values_5,180
values_632,187
values_586,166
values_28,173
values_310,200
values_184,200
values_497,200
values_969,180
values_99,200
values_621,200
values_127,180
values_301,200
values_859,166
values_623,200
values_916,180
values_599,187
values_913,180
values_263,173
values_312,200
values_97,173
values_377,173
values_433,200
values_287,200
values_186,180
values_666,180
values_406,200
values_261,180
values_654,180
values_78,200
values_580,200
values_810,166
values_23,200
values_413,200
values_75,180
values_720,166
values_804,200
values_719,180
values_862,124
values_591,200
values_815,200
values_926,180
values_756,180
values_45,180
values_82,173
values_187,200
values_385,200
values_876,173
values_569,180
values_482,200
values_422,200
values_687,200
values_210,180
values_877,200
values_602,180
values_11,200
values_65,180
values_93,200
values_197,180
values_881,200
values_519,200
values_298,173
values_144,173
values_491,200
values_681,200
values_773,180
values_918,200
values_803,200
values_807,200
values_975,180
values_256,200
values_732,180
values_122,200
values_33,180
values_665,200
values_119,200
values_588,200
values_473,180
values_105,173
values_89,200
values_20,200
values_419,180
values_731,166
values_855,200
values_161,180
values_26,200
values_581,180
values_611,200
values_598,180
values_360,166
values_609,200
values_905,180
values_590,173
values_758,200
values_759,180
values_178,166
values_374,200
values_922,180
values_340,200
values_241,200
values_276,200
values_461,200
values_395,200
values_948,166
values_670,200
values_880,180
values_166,173
values_311,200
values_535,180
values_723,180
values_217,180
values_937,180
values_672,200
values_280,180
values_737,200
values_163,200
values_553,200
values_431,173
values_974,200
values_954,200
values_351,200
values_639,200
values_578,180
values_165,180
values_37,200
values_472,180
values_968,200
values_317,173
values_545,180
values_525,173
values_18,200
values_143,180
values_368,200
values_347,200
values_592,180
values_961,180
values_685,180
values_49,200
values_851,200
values_56,200
values_846,180
values_272,173
values_793,200
values_445,200
values_839,173
values_273,200
values_904,180
values_326,200
values_411,180
values_333,180
values_767,180
values_52,200
values_649,180
values_168,200
values_290,200
values_931,173
values_102,180
values_813,180
values_615,200
values_523,180
values_631,200
values_4,200
values_356,200
values_678,200
values_762,200
values_540,200
values_828,200
values_566,180
values_802,180
values_849,200
values_249,200
values_503,200
values_319,180
values_265,166
values_805,200
values_371,180
values_850,180
values_966,180
values_997,200
values_101,173
values_94,200
values_430,200
values_510,200
values_70,180
values_733,180
values_661,180
values_543,180
values_924,200
values_736,180
values_783,200
values_218,200
values_285,200
values_107,200
values_929,166
values_823,200
values_692,180
values_375,200
values_202,180
values_328,200
values_53,200
values_110,180
values_798,200
values_179,180
values_207,200
values_537,187
values_278,180
values_308,173
values_104,200
values_370,180
values_239,180
values_230,180
values_729,200
values_96,200
values_76,180
values_316,180
values_492,200
values_67,180
values_489,180
values_990,200
values_424,200
values_238,200
values_481,173
values_702,200
values_257,180
values_571,200
values_662,173
values_453,200
values_149,180
values_835,200
values_281,180
values_130,166
values_745,200
values_27,180
values_953,200
values_772,200
values_313,180
values_561,180
values_355,180
values_915,173
values_296,180
values_487,200
values_145,200
values_709,200
values_397,200
values_809,200
values_757,200
values_196,173
values_951,180
values_513,180
values_689,180
values_154,180
values_824,180
values_860,180
values_444,200
values_79,200
values_744,173
values_181,180
values_575,180
values_358,180
values_536,173
values_1,180
values_215,200
values_533,180
values_836,180
values_38,180
values_206,173
values_917,200
values_148,180
values_641,200
values_630,173
values_874,180
values_701,200
values_882,180
values_738,173
values_825,200
values_616,180
values_501,180
values_791,200
values_819,180
values_899,200
values_300,180
values_677,200
values_987,200
values_847,180
values_959,200
values_164,166
values_232,173
values_321,200
values_396,180
values_39,180
values_837,180
values_955,180
values_349,200
values_939,200
values_60,180
values_977,200
values_366,180
values_390,200
values_628,200
values_62,200
values_749,200
values_498,200
values_991,200
values_642,180
values_174,200
values_675,180
values_857,200
values_48,180
values_324,180
values_258,180
values_886,200
values_600,180
values_693,200
values_399,200
values_443,180
values_205,200
values_940,180
values_889,200
values_704,159
values_507,200
values_770,180
values_173,180
values_529,180
values_530,200
values_760,200
values_394,180
values_162,180
values_618,200
values_117,173
values_949,180
values_121,200
values_309,180
values_282,200
values_938,200
values_833,200
values_842,200
values_870,200
values_108,200
values_601,180
values_996,180
values_875,200
values_707,180
values_352,200
values_129,173
values_659,200
values_699,180
values_727,200
values_334,200
values_379,173
values_879,180
values_781,200
values_160,200
values_538,180
values_863,200
values_254,200
values_960,180
values_852,200
values_363,200
values_637,200
values_799,200
values_452,200
values_713,200
values_887,200
values_550,173
values_973,200
values_194,173
values_234,200
values_24,166
values_136,173
values_712,200
values_778,180
values_147,200
values_695,173
values_626,200
values_605,200
values_752,180
values_771,180
values_531,200
values_295,200
values_811,200
values_410,200
values_204,187
values_14,173
values_508,200
values_388,166
values_182,200
values_357,200
values_109,200
values_19,173
values_106,180
values_965,173
values_998,200
values_650,180
values_542,200
values_88,173
values_751,180
values_0,200
values_211,200
values_726,200
values_972,200
values_329,180
values_401,200
values_302,200
values_135,200
values_323,173
values_493,200
values_651,180
values_820,166
values_224,173
values_260,180
values_180,180
values_715,173
values_43,173
values_539,173
values_439,200
values_978,200
values_679,180
values_528,180
values_304,180
values_66,200
values_688,180
values_568,200
values_157,173
values_338,180
values_722,180
values_172,200
values_350,200
values_63,180
values_710,180
values_212,180
values_138,180
values_853,200
values_964,180
values_208,173
values_787,200
values_865,173
values_633,180
values_393,180
values_330,173
values_526,200
values_558,166
values_560,173
values_502,200
values_505,200
values_742,173
values_475,200
values_735,180
values_167,200
values_297,200
values_479,200
values_113,200
values_175,200
values_644,200
values_427,180
values_332,200
values_620,200
values_40,180
values_703,180
values_464,180
values_146,200
values_983,180
values_226,200
values_834,166
values_790,180
values_244,173
values_574,200
values_705,200
values_137,180
values_171,200
values_339,200
values_989,200
values_139,200
values_470,200
values_343,200
values_785,200
values_245,200
values_227,200
values_32,180
values_933,180
values_992,173
values_908,200
values_474,200
values_72,173
values_841,200
values_740,180
values_170,200
values_912,180
values_7,200
values_660,200
values_763,180
values_488,180
values_191,200
values_986,200
values_451,200
values_589,200
values_902,180
values_176,200
values_95,200
values_331,180
values_806,200
values_404,200
values_627,166
values_438,200
values_947,180
values_559,200
values_414,200
values_690,180
values_132,180
values_945,200
values_124,200
values_897,200
values_64,200
values_638,180
values_573,180
values_42,180
values_120,200
values_250,180
values_299,180
values_128,200
values_50,200
values_786,159
values_640,200
values_471,180
values_252,166
values_9,200
values_741,180
values_686,180
values_890,200
values_667,200
values_634,173
values_403,200
values_195,200
values_199,200
values_971,180
values_919,200
values_734,180
values_921,173
values_556,200
values_448,180
values_125,180
values_546,200
values_895,200
values_268,200
values_10,180
values_769,180
values_380,180
values_554,200
values_408,180
values_522,200
values_963,180
values_90,180
values_118,180
values_59,180
values_801,200
values_325,173
values_562,200
values_871,187
values_755,166
values_826,173
values_133,180
values_381,200
values_613,200
values_484,200
values_477,200
values_426,200
values_270,200
values_315,173
values_417,200
values_795,180
values_532,200
values_480,180
values_47,200
values_462,180
values_967,200
values_198,138
values_495,180
values_432,180
values_373,180
values_774,180
values_169,200
values_683,180
values_625,180
values_818,173
values_57,180
values_885,200
values_838,200
values_872,200
values_185,200
values_796,180
values_748,187
values_421,180
values_893,200
values_242,200
values_499,166
values_51,180
values_935,200
values_362,200
values_456,200
values_794,180
values_669,180
values_441,200
values_115,180
values_583,180
values_878,200
values_866,180
values_900,166
values_446,180
values_950,173
values_259,173
values_253,200
values_728,200
values_141,173
values_320,200
values_2,173
values_346,180
