values_150,1605
values_888,1618
values_956,1660
values_691,1810
values_344,1724
values_283,928
values_717,968
values_74,1567
values_21,1637
values_724,918
values_994,1810
values_920,1616
values_229,918
values_985,1644
values_603,1588
values_764,666
values_69,1387
values_327,1528
values_840,1786
values_891,1784
values_398,1722
values_527,590
values_873,1520
values_564,372
values_383,1556
values_420,1355
values_779,804
values_73,1567
values_706,870
values_213,968
values_289,928
values_293,1104
values_219,968
values_927,1616
values_111,1611
values_934,1588
values_907,1588
values_415,1405
values_984,1644
values_34,1609
values_800,1562
values_240,1058
values_903,1588
values_747,1058
values_92,1831
values_910,1666
values_216,968
values_131,1533
values_622,1616
values_777,804
values_698,1810
values_71,1567
values_274,804
values_400,1327
values_549,688
values_958,1660
values_743,1058
values_292,1104
values_557,634
values_68,1387
values_534,556
values_58,1681
values_645,1812
values_271,804
values_892,1784
values_544,688
values_459,1399
values_714,968
values_418,1405
values_511,648
values_941,1812
values_116,1611
values_476,1285
values_858,1634
values_345,1724
values_158,1605
values_277,804
values_898,1784
values_123,1561
values_680,1644
values_946,1812
values_761,666
values_382,1556
values_848,1786
values_832,1562
values_646,1812
values_516,648
values_354,1572
values_780,928
values_552,634
values_541,688
values_140,1757
values_684,1644
values_668,1366
values_266,666
values_192,1755
values_177,1491
values_384,1556
values_112,1611
values_928,1616
values_676,1546
values_596,752
values_753,944
values_126,1561
values_220,918
values_792,1104
values_635,1588
values_434,1327
values_671,1546
values_708,870
values_189,1589
values_827,1590
values_337,1500
values_248,1058
values_520,590
values_153,1605
values_416,1405
values_469,1105
values_353,1572
values_91,1831
values_35,1609
values_831,1562
values_942,1812
values_407,1327
values_412,1405
values_225,918
values_223,918
values_981,1644
values_428,1355
values_555,634
values_100,1533
values_674,1546
values_369,1278
values_612,1666
values_673,1546
values_619,1666
values_504,556
values_386,1556
values_209,870
values_980,1644
values_262,666
values_454,1399
values_943,1812
values_957,1660
values_579,496
values_597,752
values_255,944
values_610,1666
values_808,1562
values_694,1810
values_436,1327
values_460,1105
values_923,1616
values_306,1500
values_365,1278
values_750,944
values_490,1549
values_982,1644
values_766,666
values_845,1786
values_821,1590
values_930,1588
values_465,1105
values_512,648
values_8,1609
values_768,666
values_700,870
values_570,496
values_247,1058
values_81,1665
values_251,944
values_156,1605
values_829,1590
values_844,1786
values_307,1500
values_884,1618
values_269,666
values_483,1383
values_901,1588
values_264,666
values_214,968
values_730,870
values_342,1724
values_604,1588
values_814,1640
values_782,928
values_391,1722
values_624,1616
values_203,870
values_652,1660
values_305,1500
values_231,870
values_565,372
values_392,1722
values_864,1340
values_348,1724
values_286,928
values_788,928
values_655,1660
values_952,1660
values_854,1634
values_134,1533
values_607,1588
values_87,1665
values_506,556
values_190,1755
values_587,618
values_517,648
values_237,870
values_816,1640
values_467,1105
values_906,1588
values_12,1687
values_976,1546
values_486,1383
values_183,1589
values_275,804
values_524,590
values_201,870
values_754,944
values_606,1588
values_999,1810
values_359,1572
values_457,1399
values_551,634
values_86,1665
values_387,1556
values_697,1810
values_739,870
values_303,1500
values_372,1458
values_405,1327
values_267,666
values_584,618
values_114,1611
values_188,1589
values_15,1687
values_518,648
values_647,1812
values_228,918
values_55,1681
values_6,1609
values_911,1666
values_515,648
values_409,1327
values_868,1340
values_478,1285
values_13,1687
values_894,1784
values_25,1637
values_243,1058
values_496,1549
values_463,1105
values_577,496
values_322,1528
values_246,1058
values_151,1605
values_718,968
values_200,870
values_567,372
values_548,688
values_425,1355
values_746,1058
values_435,1327
values_657,1660
values_797,1104
values_500,556
values_789,928
values_563,372
values_914,1666
values_765,666
values_648,1812
values_31,1609
values_80,1665
values_41,1833
values_585,618
values_925,1616
values_856,1634
values_36,1609
values_44,1833
values_514,648
values_822,1590
values_970,1546
values_402,1327
values_440,1551
values_16,1687
values_361,1278
values_521,590
values_466,1105
values_30,1609
values_725,918
values_643,1812
values_594,752
values_468,1105
values_279,804
values_494,1549
values_389,1556
values_696,1810
values_437,1327
values_103,1533
values_159,1605
values_593,752
values_784,928
values_378,1458
values_376,1458
values_3,1609
values_576,496
values_962,1366
values_936,1588
values_721,918
values_450,1399
values_776,804
values_29,1637
values_861,1340
values_364,1278
values_84,1665
values_664,1366
values_636,1588
values_77,1567
values_294,1104
values_233,870
values_447,1551
values_995,1810
values_775,804
values_318,1578
values_843,1786
values_54,1681
values_455,1399
values_682,1644
values_458,1399
values_547,688
values_367,1278
values_193,1755
values_582,618
values_155,1605
values_608,1588
values_909,1588
values_653,1660
values_716,968
values_142,1757
values_617,1666
values_595,752
values_98,1831
values_830,1562
values_423,1355
values_812,1640
values_932,1588
values_341,1724
values_896,1784
values_988,1644
values_152,1605
values_658,1660
values_869,1340
values_485,1383
values_993,1810
values_883,1618
values_222,918
values_335,1500
values_979,1546
values_314,1578
values_291,1104
values_817,1640
values_656,1660
values_22,1637
values_288,928
values_867,1340
values_17,1687
values_442,1551
values_236,870
values_85,1665
values_221,918
values_46,1833
values_944,1812
values_572,496
values_509,556
values_336,1500
values_284,928
values_83,1665
values_663,1366
values_449,1551
values_235,870
values_711,968
values_629,1616
values_614,1666
values_429,1355
values_61,1387
values_5,1609
values_632,1588
values_586,618
values_28,1637
values_310,1578
values_184,1589
values_497,1549
values_969,1366
values_99,1831
values_621,1616
values_127,1561
values_301,1500
values_859,1634
values_623,1616
values_916,1666
values_599,752
values_913,1666
values_263,666
values_312,1578
values_97,1831
values_377,1458
values_433,1327
values_287,928
values_186,1589
values_666,1366
values_406,1327
values_261,666
values_654,1660
values_78,1567
values_580,618
values_810,1640
values_23,1637
values_413,1405
values_75,1567
values_720,918
values_804,1562
values_719,968
values_862,1340
values_591,752
values_815,1640
values_926,1616
values_756,944
values_45,1833
values_82,1665
values_187,1589
values_385,1556
values_876,1520
values_569,372
values_482,1383
values_422,1355
values_687,1644
values_210,968
values_877,1520
values_602,1588
values_11,1687
values_65,1387
values_93,1831
values_197,1755
values_881,1618
values_519,648
values_298,1104
values_144,1757
values_491,1549
values_681,1644
values_773,804
values_918,1666
values_803,1562
values_807,1562
values_975,1546
values_256,944
values_732,870
values_122,1561
values_33,1609
values_665,1366
values_119,1611
values_588,618
values_473,1285
values_105,1533
values_89,1665
values_20,1637
values_419,1405
values_731,870
values_855,1634
values_161,1311
values_26,1637
values_581,618
values_611,1666
values_598,752
values_360,1278
values_609,1588
values_905,1588
values_590,752
values_758,944
values_759,944
values_178,1491
values_374,1458
values_922,1616
values_340,1724
values_241,1058
values_276,804
values_461,1105
values_395,1722
values_948,1812
values_670,1546
values_880,1618
values_166,1311
values_311,1578
values_535,556
values_723,918
values_217,968
values_937,1588
values_672,1546
values_280,928
values_737,870
values_163,1311
values_553,634
values_431,1327
values_974,1546
values_954,1660
values_351,1572
values_639,1588
values_578,496
values_165,1311
values_37,1609
values_472,1285
values_968,1366
values_317,1578
values_545,688
values_525,590
values_18,1687
values_143,1757
values_368,1278
values_347,1724
values_592,752
values_961,1366
values_685,1644
values_49,1833
values_851,1634
values_56,1681
values_846,1786
values_272,804
values_793,1104
values_445,1551
values_839,1562
values_273,804
values_904,1588
values_326,1528
values_411,1405
values_333,1500
values_767,666
values_52,1681
values_649,1812
values_168,1311
values_290,1104
values_931,1588
values_102,1533
values_813,1640
values_615,1666
values_523,590
values_631,1588
values_4,1609
values_356,1572
values_678,1546
values_762,666
values_540,688
values_828,1590
values_566,372
values_802,1562
values_849,1786
values_249,1058
values_503,556
values_319,1578
values_265,666
values_805,1562
values_371,1458
values_850,1634
values_966,1366
values_997,1810
values_101,1533
values_94,1831
values_430,1327
values_510,648
values_70,1567
values_733,870
values_661,1366
values_543,688
values_924,1616
values_736,870
values_783,928
values_218,968
values_285,928
values_107,1533
values_929,1616
values_823,1590
values_692,1810
values_375,1458
values_202,870
values_328,1528
values_53,1681
values_110,1611
values_798,1104
values_179,1491
values_207,870
values_537,556
values_278,804
values_308,1500
values_104,1533
values_370,1458
values_239,870
values_230,870
values_729,918
values_96,1831
values_76,1567
values_316,1578
values_492,1549
values_67,1387
values_489,1383
values_990,1810
values_424,1355
values_238,870
values_481,1383
values_702,870
values_257,944
values_571,496
values_662,1366
values_453,1399
values_149,1757
values_835,1562
values_281,928
values_130,1533
values_745,1058
values_27,1637
values_953,1660
values_772,804
values_313,1578
values_561,372
values_355,1572
values_915,1666
values_296,1104
values_487,1383
values_145,1757
values_709,870
values_397,1722
values_809,1562
values_757,944
values_196,1755
values_951,1660
values_513,648
values_689,1644
values_154,1605
values_824,1590
values_860,1340
values_444,1551
values_79,1567
values_744,1058
values_181,1589
values_575,496
values_358,1572
values_536,556
values_1,1609
values_215,968
values_533,556
values_836,1562
values_38,1609
values_206,870
values_917,1666
values_148,1757
values_641,1812
values_630,1588
values_874,1520
values_701,870
values_882,1618
values_738,870
values_825,1590
values_616,1666
values_501,556
values_791,1104
values_819,1640
values_899,1784
values_300,1500
values_677,1546
values_987,1644
values_847,1786
values_959,1660
values_164,1311
values_232,870
values_321,1528
values_396,1722
values_39,1609
values_837,1562
values_955,1660
values_349,1724
values_939,1588
values_60,1387
values_977,1546
values_366,1278
values_390,1722
values_628,1616
values_62,1387
values_749,1058
values_498,1549
values_991,1810
values_642,1812
values_174,1491
values_675,1546
values_857,1634
values_48,1833
values_324,1528
values_258,944
values_886,1618
values_600,1588
values_693,1810
values_399,1722
values_443,1551
values_205,870
values_940,1812
values_889,1618
values_704,870
values_507,556
values_770,804
values_173,1491
values_529,590
values_530,556
values_760,666
values_394,1722
values_162,1311
values_618,1666
values_117,1611
values_949,1812
values_121,1561
values_309,1500
values_282,928
values_938,1588
values_833,1562
values_842,1786
values_870,1520
values_108,1533
values_601,1588
values_996,1810
values_875,1520
values_707,870
values_352,1572
values_129,1561
values_659,1660
values_699,1810
values_727,918
values_334,1500
values_379,1458
values_879,1520
values_781,928
values_160,1311
values_538,556
values_863,1340
values_254,944
values_960,1366
values_852,1634
values_363,1278
values_637,1588
values_799,1104
values_452,1399
values_713,968
values_887,1618
values_550,634
values_973,1546
values_194,1755
values_234,870
values_24,1637
values_136,1533
values_712,968
values_778,804
values_147,1757
values_695,1810
values_626,1616
values_605,1588
values_752,944
values_771,804
values_531,556
values_295,1104
values_811,1640
values_410,1405
values_204,870
values_14,1687
values_508,556
values_388,1556
values_182,1589
values_357,1572
values_109,1533
values_19,1687
values_106,1533
values_965,1366
values_998,1810
values_650,1660
values_542,688
values_88,1665
values_751,944
values_0,1609
values_211,968
values_726,918
values_972,1546
values_329,1528
values_401,1327
values_302,1500
values_135,1533
values_323,1528
values_493,1549
values_651,1660
values_820,1590
values_224,918
values_260,666
values_180,1589
values_715,968
values_43,1833
values_539,556
values_439,1327
values_978,1546
values_679,1546
values_528,590
values_304,1500
values_66,1387
values_688,1644
values_568,372
values_157,1605
values_338,1500
values_722,918
values_172,1491
values_350,1572
values_63,1387
values_710,968
values_212,968
values_138,1533
values_853,1634
values_964,1366
values_208,870
values_787,928
values_865,1340
values_633,1588
values_393,1722
values_330,1500
values_526,590
values_558,634
values_560,372
values_502,556
values_505,556
values_742,1058
values_475,1285
values_735,870
values_167,1311
values_297,1104
values_479,1285
values_113,1611
values_175,1491
values_644,1812
values_427,1355
values_332,1500
values_620,1616
values_40,1833
values_703,870
values_464,1105
values_146,1757
values_983,1644
values_226,918
values_834,1562
values_790,1104
values_244,1058
values_574,496
values_705,870
values_137,1533
values_171,1491
values_339,1500
values_989,1644
values_139,1533
values_470,1285
values_343,1724
values_785,928
values_245,1058
values_227,918
values_32,1609
values_933,1588
values_992,1810
values_908,1588
values_474,1285
values_72,1567
values_841,1786
values_740,1058
values_170,1491
values_912,1666
values_7,1609
values_660,1366
values_763,666
values_488,1383
values_191,1755
values_986,1644
values_451,1399
values_589,618
values_902,1588
values_176,1491
values_95,1831
values_331,1500
values_806,1562
values_404,1327
values_627,1616
values_438,1327
values_947,1812
values_559,634
values_414,1405
values_690,1810
values_132,1533
values_945,1812
values_124,1561
values_897,1784
values_64,1387
values_638,1588
values_573,496
values_42,1833
values_120,1561
values_250,944
values_299,1104
values_128,1561
values_50,1681
values_786,928
values_640,1812
values_471,1285
values_252,944
values_9,1609
values_741,1058
values_686,1644
values_890,1784
values_667,1366
values_634,1588
values_403,1327
values_195,1755
values_199,1755
values_971,1546
values_919,1666
values_734,870
values_921,1616
values_556,634
values_448,1551
values_125,1561
values_546,688
values_895,1784
values_268,666
values_10,1687
values_769,666
values_380,1556
values_554,634
values_408,1327
values_522,590
values_963,1366
values_90,1831
values_118,1611
values_59,1681
values_801,1562
values_325,1528
values_562,372
values_871,1520
values_755,944
values_826,1590
values_133,1533
values_381,1556
values_613,1666
values_484,1383
values_477,1285
values_426,1355
values_270,804
values_315,1578
values_417,1405
values_795,1104
values_532,556
values_480,1383
values_47,1833
values_462,1105
values_967,1366
values_198,1755
values_495,1549
values_432,1327
values_373,1458
values_774,804
values_169,1311
values_683,1644
values_625,1616
values_818,1640
values_57,1681
values_885,1618
values_838,1562
values_872,1520
values_185,1589
values_796,1104
values_748,1058
values_421,1355
values_893,1784
values_242,1058
values_499,1549
values_51,1681
values_935,1588
values_362,1278
values_456,1399
values_794,1104
values_669,1366
values_441,1551
values_115,1611
values_583,618
values_878,1520
values_866,1340
values_900,1588
values_446,1551
values_950,1660
values_259,944
values_253,944
values_728,918
values_141,1757
values_320,1528
values_2,1609
values_346,1724
