values_150,17409
values_888,15347
values_956,338
values_691,2492
values_344,41304
values_283,31115
values_717,26327
values_74,30385
values_21,14683
values_724,1649
values_994,15409
values_920,40873
values_229,10695
values_985,39549
values_603,25795
values_764,36731
values_69,12170
values_327,24018
values_840,21279
values_891,29172
values_398,31612
values_527,45909
values_873,41369
values_564,22399
values_383,16223
values_420,40346
values_779,34292
values_73,40008
values_706,39945
values_213,39300
values_289,3647
values_293,498
values_219,16892
values_927,38922
values_111,27598
values_934,43192
values_907,15158
values_415,5343
values_984,31502
values_34,15281
values_800,8279
values_240,18124
values_903,5907
values_747,3105
values_92,28655
values_910,26194
values_216,11002
values_131,18342
values_622,18878
values_777,8222
values_698,7110
values_71,6973
values_274,35107
values_400,45172
values_549,24935
values_958,36041
values_743,21913
values_292,338
values_557,1595
values_68,27724
values_534,338
values_58,39264
values_645,10595
values_271,25255
values_892,6861
values_544,1388
values_459,21027
values_714,21293
values_418,41021
values_511,34487
values_941,20279
values_116,39189
values_476,14761
values_858,498
values_345,18019
values_158,12599
values_277,39725
values_898,4926
values_123,50252
values_680,34744
values_946,1823
values_761,7087
values_382,9620
values_848,35529
values_832,25206
values_646,30998
values_516,21054
values_354,33276
values_780,3649
values_552,32312
values_541,27219
values_140,35407
values_684,31312
values_668,1266
values_266,35596
values_192,11861
values_177,35657
values_384,36778
values_112,32649
values_928,25034
values_676,8662
values_596,41930
values_753,40423
values_126,33177
values_220,41524
values_792,2672
values_635,28471
values_434,338
values_671,24010
values_708,2961
values_189,32284
values_827,16892
values_337,27491
values_248,4383
values_520,2239
values_153,13721
values_416,9922
values_469,962
values_353,11553
values_91,24868
values_35,28581
values_831,46284
values_942,7463
values_407,28291
values_412,27129
values_225,32378
values_223,6895
values_981,18532
values_428,42012
values_555,4997
values_100,36281
values_674,13096
values_369,47163
values_612,1565
values_673,24450
values_619,43992
values_504,10538
values_386,25577
values_209,17554
values_980,10629
values_262,32229
values_454,26402
values_943,5757
values_957,34373
values_579,16693
values_597,7986
values_255,11864
values_610,45119
values_808,46343
values_694,4028
values_436,16213
values_460,1932
values_923,4583
values_306,44166
values_365,23150
values_750,10207
values_490,14543
values_982,37011
values_766,38350
values_845,22223
values_821,25121
values_930,42813
values_465,14444
values_512,9645
values_8,12147
values_768,15109
values_700,11759
values_570,24060
values_247,13353
values_81,29475
values_251,45009
values_156,11441
values_829,34782
values_844,12752
values_307,32059
values_884,10838
values_269,9849
values_483,18797
values_901,35027
values_264,4987
values_214,28333
values_730,30628
values_342,13550
values_604,840
values_814,28092
values_782,13429
values_391,15834
values_624,19807
values_203,11239
values_652,31173
values_305,7009
values_231,13045
values_565,13840
values_392,11060
values_864,38029
values_348,26658
values_286,18781
values_788,48248
values_655,1569
values_952,4556
values_854,16925
values_134,17800
values_607,4287
values_87,26731
values_506,21716
values_190,19564
values_587,30843
values_517,45690
values_237,9381
values_816,5379
values_467,5262
values_906,21510
values_12,23020
values_976,33797
values_486,13813
values_183,41579
values_275,12868
values_524,37802
values_201,338
values_754,12258
values_606,6094
values_999,18193
values_359,11685
values_457,4285
values_551,23972
values_86,8835
values_387,20941
values_697,20766
values_739,16256
values_303,7133
values_372,37236
values_405,10583
values_267,10297
values_584,12345
values_114,2412
values_188,8104
values_15,4544
values_518,20106
values_647,2936
values_228,25367
values_55,538
values_6,33536
values_911,41296
values_515,28772
values_409,701
values_868,43515
values_478,2853
values_13,19285
values_894,5665
values_25,8409
values_243,29469
values_496,17762
values_463,27976
values_577,1002
values_322,31890
values_246,14403
values_151,17675
values_718,34831
values_200,41454
values_567,5001
values_548,45690
values_425,16807
values_746,16861
values_435,12890
values_657,8417
values_797,17951
values_500,38400
values_789,37935
values_563,32127
values_914,2917
values_765,37758
values_648,21789
values_31,36257
values_80,17737
values_41,38222
values_585,26181
values_925,25597
values_856,11630
values_36,49225
values_44,19512
values_514,10999
values_822,19238
values_970,33325
values_402,17002
values_440,37632
values_16,23329
values_361,18239
values_521,40755
values_466,30645
values_30,7607
values_725,10317
values_643,6001
values_594,5085
values_468,18738
values_279,37620
values_494,9034
values_389,27090
values_696,2158
values_437,538
values_103,41846
values_159,680
values_593,1590
values_784,27433
values_378,32816
values_376,922
values_3,11803
values_576,11371
values_962,40816
values_936,8698
values_721,8058
values_450,18760
values_776,35862
values_29,1829
values_861,22931
values_364,24115
values_84,30705
values_664,640
values_636,23889
values_77,42852
values_294,9145
values_233,901
values_447,3612
values_995,31435
values_775,42235
values_318,2051
values_843,40835
values_54,13743
values_455,3246
values_682,4071
values_458,11595
values_547,2700
values_367,43243
values_193,21480
values_582,1104
values_155,14038
values_608,5144
values_909,42929
values_653,26983
values_716,22747
values_142,8061
values_617,15062
values_595,36186
values_98,3403
values_830,19165
values_423,28998
values_812,13511
values_932,10437
values_341,41808
values_896,31730
values_988,15811
values_152,18519
values_658,19909
values_869,11807
values_485,21616
values_993,38261
values_883,36749
values_222,2485
values_335,9192
values_979,5532
values_314,21631
values_291,21607
values_817,6529
values_656,27575
values_22,44910
values_288,15747
values_867,338
values_17,901
values_442,498
values_236,29825
values_85,33641
values_221,4401
values_46,16157
values_944,9068
values_572,20301
values_509,10606
values_336,23802
values_284,23824
values_83,25425
values_663,29777
values_449,19134
values_235,43918
values_711,27615
values_629,30270
values_614,18329
values_429,1205
values_61,35413
values_5,7890
values_632,9058
values_586,43848
values_28,20102
values_310,32161
values_184,9395
values_497,45177
values_969,1818
values_99,19926
values_621,14109
values_127,2135
values_301,44628
values_859,39123
values_623,10001
values_916,18657
values_599,8780
values_913,34341
values_263,37648
values_312,8366
values_97,22164
values_377,3032
values_433,22152
values_287,2647
values_186,1891
values_666,6908
values_406,28893
values_261,338
values_654,38385
values_78,46359
values_580,4130
values_810,338
values_23,41689
values_413,20831
values_75,40862
values_720,16650
values_804,22782
values_719,24446
values_862,27722
values_591,11202
values_815,11565
values_926,26259
values_756,1649
values_45,42877
values_82,26669
values_187,3319
values_385,25732
values_876,47412
values_569,25304
values_482,8366
values_422,27985
values_687,8002
values_210,13360
values_877,15954
values_602,45825
values_11,1064
values_65,9931
values_93,16607
values_197,36732
values_881,3435
values_519,27779
values_298,19908
values_144,45481
values_491,26468
values_681,27961
values_773,17508
values_918,11295
values_803,6410
values_807,46362
values_975,45948
values_256,44561
values_732,31678
values_122,42820
values_33,18213
values_665,31504
values_119,2776
values_588,9462
values_473,31619
values_105,7677
values_89,45305
values_20,35172
values_419,11348
values_731,28877
values_855,39572
values_161,5259
values_26,6292
values_581,6701
values_611,45711
values_598,36455
values_360,45082
values_609,27624
values_905,31068
values_590,15627
values_758,15025
values_759,31429
values_178,14067
values_374,44965
values_922,338
values_340,36486
values_241,36455
values_276,28666
values_461,3300
values_395,14640
values_948,39127
values_670,5268
values_880,13939
values_166,18300
values_311,17624
values_535,17680
values_723,18549
values_217,5591
values_937,33488
values_672,14258
values_280,17291
values_737,9614
values_163,10999
values_553,24559
values_431,26143
values_974,33399
values_954,24569
values_351,16181
values_639,22394
values_578,12949
values_165,44224
values_37,13267
values_472,24142
values_968,25785
values_317,8382
values_545,7650
values_525,31683
values_18,41935
values_143,29466
values_368,9352
values_347,37328
values_592,10427
values_961,2627
values_685,16416
values_49,27783
values_851,8976
values_56,741
values_846,17570
values_272,21161
values_793,18621
values_445,46752
values_839,34865
values_273,8419
values_904,20596
values_326,18057
values_411,1468
values_333,2284
values_767,10724
values_52,21993
values_649,44974
values_168,36712
values_290,12347
values_931,23995
values_102,40816
values_813,11054
values_615,20676
values_523,44838
values_631,30303
values_4,34734
values_356,31876
values_678,12900
values_762,5278
values_540,2920
values_828,28139
values_566,6030
values_802,44365
values_849,8024
values_249,5242
values_503,1569
values_319,33952
values_265,12203
values_805,701
values_371,37025
values_850,46769
values_966,338
values_997,30427
values_101,25927
values_94,3838
values_430,26650
values_510,41145
values_70,11838
values_733,4473
values_661,26689
values_543,3588
values_924,2040
values_736,31476
values_783,28148
values_218,26817
values_285,4313
values_107,6022
values_929,30382
values_823,5364
values_692,42892
values_375,32613
values_202,45406
values_328,36273
values_53,25456
values_110,44891
values_798,46173
values_179,25424
values_207,6538
values_537,5014
values_278,13032
values_308,23583
values_104,30553
values_370,13426
values_239,36215
values_230,25897
values_729,11271
values_96,15457
values_76,45274
values_316,4342
values_492,901
values_67,42093
values_489,24004
values_990,16566
values_424,41414
values_238,22783
values_481,17389
values_702,4234
values_257,28283
values_571,38613
values_662,3244
values_453,26824
values_149,22065
values_835,26540
values_281,8294
values_130,35055
values_745,25145
values_27,24894
values_953,26088
values_772,19042
values_313,1701
values_561,13205
values_355,6310
values_915,4618
values_296,30259
values_487,33188
values_145,26205
values_709,338
values_397,22110
values_809,12435
values_757,1752
values_196,4384
values_951,27778
values_513,7457
values_689,22927
values_154,28356
values_824,19503
values_860,13529
values_444,2691
values_79,1447
values_744,34956
values_181,11249
values_575,16959
values_358,42988
values_536,43211
values_1,4952
values_215,20958
values_533,21138
values_836,3483
values_38,24570
values_206,6984
values_917,41955
values_148,32486
values_641,36409
values_630,5359
values_874,37958
values_701,21728
values_882,2323
values_738,8249
values_825,12424
values_616,10799
values_501,12907
values_791,41308
values_819,41425
values_899,16016
values_300,21625
values_677,19935
values_987,47405
values_847,33490
values_959,4612
values_164,9397
values_232,9845
values_321,16628
values_396,35726
values_39,44854
values_837,9072
values_955,30332
values_349,32771
values_939,28852
values_60,9454
values_977,28996
values_366,338
values_390,37450
values_628,24537
values_62,18753
values_749,1125
values_498,34317
values_991,10494
values_642,3859
values_174,6902
values_675,38387
values_857,1977
values_48,7238
values_324,11995
values_258,3946
values_886,33271
values_600,47220
values_693,32592
values_399,16013
values_443,33821
values_205,2166
values_940,23353
values_889,4995
values_704,5347
values_507,10043
values_770,9173
values_173,32117
values_529,12461
values_530,3519
values_760,43055
values_394,8908
values_162,38635
values_618,17920
values_117,24381
values_949,7138
values_121,4772
values_309,17936
values_282,4338
values_938,33504
values_833,19033
values_842,40256
values_870,24606
values_108,39480
values_601,24314
values_996,19030
values_875,640
values_707,44237
values_352,6227
values_129,11800
values_659,45042
values_699,32177
values_727,6261
values_334,24849
values_379,11609
values_879,29065
values_781,20710
values_160,9235
values_538,42372
values_863,44574
values_254,2445
values_960,21289
values_852,42773
values_363,12403
values_637,1003
values_799,7108
values_452,18767
values_713,26090
values_887,13947
values_550,2447
values_973,18651
values_194,15712
values_234,41487
values_24,4106
values_136,8396
values_712,24605
values_778,20304
values_147,26006
values_695,20608
values_626,16232
values_605,11028
values_752,10990
values_771,640
values_531,11077
values_295,2830
values_811,21235
values_410,42883
values_204,31068
values_14,24299
values_508,7810
values_388,18475
values_182,16942
values_357,12558
values_109,8476
values_19,18126
values_106,28951
values_965,41575
values_998,20731
values_650,8326
values_542,15222
values_88,2653
values_751,15940
values_0,35980
values_211,42017
values_726,33579
values_972,35059
values_329,11098
values_401,32450
values_302,45622
values_135,34482
values_323,17402
values_493,17234
values_651,8418
values_820,26632
values_224,24948
values_260,25814
values_180,5782
values_715,8186
values_43,17505
values_539,7148
values_439,23013
values_978,27595
values_679,13172
values_528,45761
values_304,41989
values_66,5306
values_688,3918
values_568,47874
values_157,10791
values_338,27709
values_722,18788
values_172,3446
values_350,44604
values_63,46434
values_710,2264
values_212,8315
values_138,12188
values_853,24529
values_964,33361
values_208,5459
values_787,41941
values_865,34487
values_633,25147
values_393,26523
values_330,12878
values_526,29154
values_558,33433
values_560,5303
values_502,33219
values_505,5696
values_742,11729
values_475,6670
values_735,25721
values_167,41986
values_297,39479
values_479,30702
values_113,45670
values_175,25326
values_644,15392
values_427,4265
values_332,20815
values_620,37714
values_40,42016
values_703,18703
values_464,5932
values_146,31380
values_983,12728
values_226,17693
values_834,25262
values_790,2373
values_244,35626
values_574,1205
values_705,38033
values_137,36397
values_171,17273
values_339,45283
values_989,1186
values_139,29923
values_470,12187
values_343,21493
values_785,10986
values_245,45479
values_227,46727
values_32,29826
values_933,31341
values_992,6064
values_908,12603
values_474,34273
values_72,23432
values_841,9639
values_740,5109
values_170,18834
values_912,34049
values_7,338
values_660,9839
values_763,32848
values_488,2933
values_191,4940
values_986,34528
values_451,27872
values_589,17244
values_902,7985
values_176,27986
values_95,11467
values_331,498
values_806,10259
values_404,27184
values_627,13268
values_438,12809
values_947,32275
values_559,6322
values_414,22403
values_690,31763
values_132,13889
values_945,1638
values_124,35350
values_897,10621
values_64,43824
values_638,42553
values_573,8600
values_42,24956
values_120,741
values_250,44237
values_299,11764
values_128,22152
values_50,16148
values_786,38894
values_640,3159
values_471,27728
values_252,21098
values_9,538
values_741,4498
values_686,45812
values_890,42358
values_667,36414
values_634,49375
values_403,41243
values_195,15647
values_199,32646
values_971,15397
values_919,32183
values_734,42750
values_921,34823
values_556,12651
values_448,33159
values_125,14935
values_546,22297
values_895,31926
values_268,15168
values_10,9489
values_769,14358
values_380,19258
values_554,34988
values_408,27212
values_522,20925
values_963,11112
values_90,8632
values_118,13388
values_59,861
values_801,43989
values_325,38678
values_562,25988
values_871,9140
values_755,45395
values_826,10759
values_133,6656
values_381,45597
values_613,20522
values_484,32328
values_477,36585
values_426,13797
values_270,28043
values_315,32353
values_417,861
values_795,35794
values_532,23828
values_480,29915
values_47,13274
values_462,19183
values_967,5619
values_198,3705
values_495,30764
values_432,22051
values_373,30558
values_774,6790
values_169,6857
values_683,36071
values_625,25639
values_818,498
values_57,5813
values_885,24941
values_838,8166
values_872,21724
values_185,8935
values_796,41422
values_748,31058
values_421,5442
values_893,9147
values_242,20483
values_499,29274
values_51,24706
values_935,7301
values_362,47561
values_456,23255
values_794,42258
values_669,38568
values_441,7540
values_115,7906
values_583,2414
values_878,39981
values_866,19649
values_900,10252
values_446,23143
values_950,8886
values_259,43712
values_253,20341
values_728,19738
values_141,338
values_320,8417
values_2,40704
values_346,6723
